time,zhexi_in,xiaoxi_out,lengshuijiang_add,xinhua_add,zhexi_add
2015/10/1 23:00,280.046,375,0,0,0
2015/10/2 0:00,417.285,374,0,0,0
2015/10/2 1:00,442.426,270,0,0,0
2015/10/2 2:00,404.231,270,0,0,0
2015/10/2 3:00,449.84,266,0,0,0
2015/10/2 4:00,451.136,266,0,0,0
2015/10/2 5:00,519.281,268,0,0,0
2015/10/2 6:00,586.662,268,0,0,0
2015/10/2 7:00,551.263,269,0,0,0
2015/10/2 8:00,472.731,268,0,0,0
2015/10/2 9:00,375.715,268,0,0,0
2015/10/2 10:00,324.694,269,0,0,0
2015/10/2 11:00,378.903,269,0,0,0
2015/10/2 12:00,326.486,268,0,0,0
2015/10/2 13:00,367.397,269,0,0,0
2015/10/2 14:00,392.848,269,0,0,0
2015/10/2 15:00,379.03,266,0,0,0
2015/10/2 16:00,386.482,260,0,0,0
2015/10/2 17:00,374.173,261,0,0,0
2015/10/2 18:00,244.699,286,0,0,0
2015/10/2 19:00,316.205,287,0,0,0
2015/10/2 20:00,355.834,288,0,0,0
2015/10/2 21:00,293.552,289,0,0,0
2015/10/2 22:00,318.586,289,1,0,0
2015/10/2 23:00,271.691,289,0,0,0
2015/10/3 0:00,443.575,289,0,0,0
2015/10/3 1:00,395.269,261,0,0,0
2015/10/3 2:00,329.462,260,0,0,0
2015/10/3 3:00,422.019,260,0,0,0
2015/10/3 4:00,423.745,260,0,0,0
2015/10/3 5:00,402.367,260,0,0,0
2015/10/3 6:00,338.006,260,0,0,0
2015/10/3 7:00,324.197,261,0,0,0
2015/10/3 8:00,304.382,260,0,0,0
2015/10/3 9:00,414.038,266,0,0,0
2015/10/3 10:00,359.817,264,0,0,0
2015/10/3 11:00,467.626,264,0,0,0
2015/10/3 12:00,286.447,265,0,0,0
2015/10/3 13:00,309.96,264,0,0,0
2015/10/3 14:00,399.214,264,0,0,0
2015/10/3 15:00,297.416,264,0,0,0
2015/10/3 16:00,198.428,264,0,0,0
2015/10/3 17:00,210.204,265,0,0,0
2015/10/3 18:00,536.037,268,0,0,0
2015/10/3 19:00,322.722,267,0,0,0
2015/10/3 20:00,225.951,268,0,0,0
2015/10/3 21:00,278.965,272,0,0,0
2015/10/3 22:00,423.81,271,0,0,0
2015/10/3 23:00,343.908,271,0,0,0
2015/10/4 0:00,155.328,270,0,0,0
2015/10/4 1:00,283.052,163,0,0,0
2015/10/4 2:00,420.82,222,0,0,0
2015/10/4 3:00,365.013,165,0,0,0
2015/10/4 4:00,378.851,166,0,0,0
2015/10/4 5:00,285.403,166,0,0,0
2015/10/4 6:00,280.84,166,0,0,0
2015/10/4 7:00,314.69,166,0,0,0
2015/10/4 8:00,230.371,166,0,0,0
2015/10/4 9:00,300.418,163,0,0,0
2015/10/4 10:00,201.408,164,0,0,0
2015/10/4 11:00,234.265,163,0,0,0
2015/10/4 12:00,160.316,163,0,0,0
2015/10/4 13:00,186.619,164,0,0,0
2015/10/4 14:00,214.74,163,0,0,0
2015/10/4 15:00,185.648,164,0,0,0
2015/10/4 16:00,327.272,164,0,1,0
2015/10/4 17:00,282.968,159,0,0,0
2015/10/4 18:00,347.905,192,0,0,0
2015/10/4 19:00,291.116,198,0,0,0
2015/10/4 20:00,260.768,198,0,0,0
2015/10/4 21:00,181.283,199,0,0,0
2015/10/4 22:00,90.631,199,0,0,0
2015/10/4 23:00,180.674,199,0,0,0
2015/10/5 0:00,188.935,199,0,0,0
2015/10/5 1:00,161.198,161,0,0,0
2015/10/5 2:00,203.957,161,0,0,0
2015/10/5 3:00,140.947,161,0,0,0
2015/10/5 4:00,250.63,162,0,2,0
2015/10/5 5:00,294.525,162,0,2,0
2015/10/5 6:00,301.897,162,0,2,0
2015/10/5 7:00,271.946,162,0,0,1
2015/10/5 8:00,239.983,162,0,4,0
2015/10/5 9:00,227.118,159,0,0,0
2015/10/5 10:00,108.702,159,0,2,0
2015/10/5 11:00,180.411,421,0,2,0
2015/10/5 12:00,180.656,427,0,2,0
2015/10/5 13:00,244.658,426,0,2,1
2015/10/5 14:00,263.774,426,0,0,0
2015/10/5 15:00,383.303,427,0,4,1
2015/10/5 16:00,387.848,429,0,4,1
2015/10/5 17:00,221.376,430,0,0,1
2015/10/5 18:00,332.988,532,0,2,2
2015/10/5 19:00,379.237,574,0,4,2
2015/10/5 20:00,548.307,578,0,4,1
2015/10/5 21:00,553.356,578,0,2,1
2015/10/5 22:00,647.015,576,0,6,1
2015/10/5 23:00,740.892,577,0,4,0
2015/10/6 0:00,724.851,586,0,2,1
2015/10/6 1:00,867.078,591,0,0,3
2015/10/6 2:00,849.587,586,0,2,2
2015/10/6 3:00,876.441,584,0,2,0
2015/10/6 4:00,974.156,586,0,4,1
2015/10/6 5:00,1099.957,585,0,2,3
2015/10/6 6:00,1193.792,712,0,0,3
2015/10/6 7:00,1287.136,760,0,2,3
2015/10/6 8:00,1304.082,760,0,3,0
2015/10/6 9:00,1405.392,768,1,3,1
2015/10/6 10:00,1299.373,769,0,0,1
2015/10/6 11:00,1431.552,766,0,2,9
2015/10/6 12:00,1352.625,765,0,8,4
2015/10/6 13:00,1448.668,758,0,2,1
2015/10/6 14:00,1506.517,758,0,0,0
2015/10/6 15:00,1559.911,748,0,0,0
2015/10/6 16:00,1675.853,1111,0,2,0
2015/10/6 17:00,1697.455,1849,0,4,0
2015/10/6 18:00,1856.755,1854,0,0,0
2015/10/6 19:00,1681.769,1858,0,0,0
2015/10/6 20:00,1739.177,1983,0,2,0
2015/10/6 21:00,1900.154,1985,0,0,0
2015/10/6 22:00,2024.583,2232,0,0,1
2015/10/6 23:00,2021.175,2239,0,0,0
2015/10/7 0:00,2345.519,2240,0,0,0
2015/10/7 1:00,2525.185,2510,0,0,0
2015/10/7 2:00,2807.491,2507,0,0,0
2015/10/7 3:00,2802.555,2505,0,0,1
2015/10/7 4:00,3080.781,2503,0,0,0
2015/10/7 5:00,3287.424,2503,0,0,0
2015/10/7 6:00,3200.211,2688,0,0,0
2015/10/7 7:00,3397.292,2859,0,0,0
2015/10/7 8:00,3365.197,2739,1,0,0
2015/10/7 9:00,3493.364,2737,0,0,0
2015/10/7 10:00,3448.556,2621,0,0,0
2015/10/7 11:00,3452.179,2737,0,0,0
2015/10/7 12:00,3406.531,2733,0,0,1
2015/10/7 13:00,3639.86,2735,0,0,0
2015/10/7 14:00,3596.541,2730,0,0,0
2015/10/7 15:00,3660.039,2586,0,0,0
2015/10/7 16:00,3683.145,2469,0,0,0
2015/10/7 17:00,3573.782,2340,0,0,0
2015/10/7 18:00,3591.865,2157,0,0,0
2015/10/7 19:00,3353.093,2156,0,0,0
2015/10/7 20:00,3438.829,2154,0,0,0
2015/10/7 21:00,3513.154,2147,0,0,0
2015/10/7 22:00,3466.969,2021,0,0,0
2015/10/7 23:00,3576.561,1841,1,0,0
2015/10/8 0:00,3424.336,1852,0,0,0
2015/10/8 1:00,3359.176,1771,0,0,0
2015/10/8 2:00,3248.647,1771,0,0,0
2015/10/8 3:00,3148.778,1261,0,0,0
2015/10/8 4:00,3094.678,1567,0,0,0
2015/10/8 5:00,3065.401,1425,0,0,0
2015/10/8 6:00,3116.16,1172,0,0,0
2015/10/8 7:00,2778.031,1173,0,0,0
2015/10/8 8:00,2659.955,1286,0,0,0
2015/10/8 9:00,2602.896,1290,0,0,0
2015/10/8 10:00,2559.62,1288,0,0,0
2015/10/8 11:00,2222.943,1115,0,0,0
2015/10/8 12:00,1990.087,1076,0,0,0
2015/10/8 13:00,2324.011,1074,0,0,0
2015/10/8 14:00,2282.615,1076,0,0,0
2015/10/8 15:00,2069.125,1077,0,0,0
2015/10/8 16:00,1793.725,1077,0,0,0
2015/10/8 17:00,1690.05,1076,0,0,0
2015/10/8 18:00,1828.01,899,0,0,0
2015/10/8 19:00,1502.732,897,0,0,0
2015/10/8 20:00,1509.813,804,0,0,0
2015/10/8 21:00,1395.899,777,0,0,0
2015/10/8 22:00,1511.973,768,0,0,0
2015/10/8 23:00,1671.731,766,0,0,0
2015/10/9 0:00,1525.056,820,0,0,0
2015/10/9 1:00,1509.398,947,0,0,0
2015/10/9 2:00,1310.54,953,0,0,0
2015/10/9 3:00,1298.45,821,0,0,0
2015/10/9 4:00,1181.156,766,0,0,0
2015/10/9 5:00,1162.675,745,0,0,0
2015/10/9 6:00,1154.324,746,0,0,0
2015/10/9 7:00,1087.344,745,0,0,0
2015/10/9 8:00,1278.676,746,0,0,0
2015/10/9 9:00,1178.706,741,0,0,0
2015/10/9 10:00,1128.463,740,0,0,0
2015/10/9 11:00,1076.813,740,0,0,0
2015/10/9 12:00,1007.71,739,0,0,0
2015/10/9 13:00,1215.757,739,0,0,0
2015/10/9 14:00,1017.454,740,0,0,0
2015/10/9 15:00,1116.681,740,0,0,0
2015/10/9 16:00,1162.757,738,0,0,0
2015/10/9 17:00,1032.293,740,0,0,0
2015/10/9 18:00,1026.247,714,0,0,0
2015/10/9 19:00,925.199,716,0,0,0
2015/10/9 20:00,1006.029,715,0,0,0
2015/10/9 21:00,973.143,718,0,0,0
2015/10/9 22:00,1004.58,717,0,0,0
2015/10/9 23:00,1152.18,719,0,0,0
2015/10/10 0:00,1056.846,720,0,0,0
2015/10/10 1:00,1065.747,653,0,0,0
2015/10/10 2:00,1017.618,654,0,0,0
2015/10/10 3:00,1081.404,653,0,0,0
2015/10/10 4:00,956.896,653,0,0,0
2015/10/10 5:00,958.139,655,0,0,0
2015/10/10 6:00,1121.806,654,0,0,0
2015/10/10 7:00,1062.538,660,0,0,0
2015/10/10 8:00,965.27,580,0,0,0
2015/10/10 9:00,967.453,580,0,0,0
2015/10/10 10:00,975.133,505,0,0,0
2015/10/10 11:00,951.207,507,0,0,0
2015/10/10 12:00,881.366,506,0,0,0
2015/10/10 13:00,945.79,508,0,0,0
2015/10/10 14:00,913.148,506,0,0,0
2015/10/10 15:00,910.29,507,0,0,0
2015/10/10 16:00,844.336,506,0,0,0
2015/10/10 17:00,755.998,506,0,0,0
2015/10/10 18:00,675.071,505,0,0,0
2015/10/10 19:00,560.972,506,0,0,0
2015/10/10 20:00,621.819,506,0,0,0
2015/10/10 21:00,654.229,506,0,0,0
2015/10/10 22:00,670.308,507,0,0,0
2015/10/10 23:00,666.484,505,0,0,0
2015/10/11 0:00,731.428,503,0,0,0
2015/10/11 1:00,803.213,484,0,0,0
2015/10/11 2:00,774.204,485,0,0,0
2015/10/11 3:00,651.42,485,0,0,0
2015/10/11 4:00,659.291,485,0,0,0
2015/10/11 5:00,778.399,484,0,0,0
2015/10/11 6:00,819.391,485,0,0,0
2015/10/11 7:00,673.118,486,0,0,0
2015/10/11 8:00,667.889,486,1,0,0
2015/10/11 9:00,646.284,486,0,0,0
2015/10/11 10:00,651.827,486,0,0,0
2015/10/11 11:00,547.729,485,0,0,0
2015/10/11 12:00,523.066,485,0,0,0
2015/10/11 13:00,752.827,486,0,0,0
2015/10/11 14:00,869.198,487,0,0,0
2015/10/11 15:00,794.084,485,0,0,0
2015/10/11 16:00,819.371,486,0,0,0
2015/10/11 17:00,802.673,484,0,0,0
2015/10/11 18:00,734.384,483,0,0,0
2015/10/11 19:00,581.923,485,0,0,0
2015/10/11 20:00,537.642,580,0,0,0
2015/10/11 21:00,564.969,598,0,0,0
2015/10/11 22:00,620.861,596,0,0,0
2015/10/11 23:00,722.841,597,0,0,0
2015/10/12 0:00,778.611,598,0,0,0
2015/10/12 1:00,683.799,389,0,0,0
2015/10/12 2:00,701.792,422,0,0,0
2015/10/12 3:00,785.161,423,0,0,0
2015/10/12 4:00,694.044,420,0,0,0
2015/10/12 5:00,726.064,423,0,0,0
2015/10/12 6:00,750.687,423,0,0,0
2015/10/12 7:00,654.503,423,0,0,0
2015/10/12 8:00,578.509,423,0,0,0
2015/10/12 9:00,572.085,425,0,0,0
2015/10/12 10:00,603.059,681,0,0,0
2015/10/12 11:00,454.823,708,0,0,0
2015/10/12 12:00,389.024,713,0,0,0
2015/10/12 13:00,617.132,713,0,0,0
2015/10/12 14:00,590.567,511,0,0,0
2015/10/12 15:00,549.093,507,0,0,0
2015/10/12 16:00,632.452,506,0,0,0
2015/10/12 17:00,635.037,594,0,0,0
2015/10/12 18:00,842.971,729,0,0,0
2015/10/12 19:00,796.819,728,0,0,0
2015/10/12 20:00,898.748,730,0,0,0
2015/10/12 21:00,747.792,732,0,0,0
2015/10/12 22:00,780.441,730,0,0,0
2015/10/12 23:00,784.523,744,0,0,0
2015/10/13 0:00,723.715,750,0,0,0
2015/10/13 1:00,768.577,650,0,0,0
2015/10/13 2:00,728.398,640,0,0,0
2015/10/13 3:00,1027.206,640,0,0,0
2015/10/13 4:00,999.741,700,0,0,0
2015/10/13 5:00,1026.01,750,0,0,0
2015/10/13 6:00,877.516,753,0,0,0
2015/10/13 7:00,799.362,440,0,0,0
2015/10/13 8:00,856.244,438,0,0,0
2015/10/13 9:00,730.502,441,0,0,0
2015/10/13 10:00,748.444,441,0,0,0
2015/10/13 11:00,777.977,170,0,0,0
2015/10/13 12:00,858.354,164,0,0,0
2015/10/13 13:00,900.537,165,0,0,0
2015/10/13 14:00,711.382,165,0,0,0
2015/10/13 15:00,622.274,165,0,0,0
2015/10/13 16:00,463.577,166,0,0,0
2015/10/13 17:00,399.863,166,0,0,0
2015/10/13 18:00,316.381,166,0,0,0
2015/10/13 19:00,130.578,166,0,0,0
2015/10/13 20:00,175.922,165,0,0,0
2015/10/13 21:00,273.418,162,0,0,0
2015/10/13 22:00,343.416,162,0,0,0
2015/10/13 23:00,254.388,162,0,0,0
2015/10/14 0:00,172.282,162,0,0,0
2015/10/14 1:00,268.334,202,0,0,0
2015/10/14 2:00,232.164,203,0,0,0
2015/10/14 3:00,216.804,203,0,0,0
2015/10/14 4:00,131.124,203,0,0,0
2015/10/14 5:00,197.327,202,0,0,0
2015/10/14 6:00,348.667,197,0,0,0
2015/10/14 7:00,263.175,198,0,0,0
2015/10/14 8:00,302.927,199,0,0,0
2015/10/14 9:00,188.58,412,0,0,0
2015/10/14 10:00,187.474,424,0,0,0
2015/10/14 11:00,224.033,374,0,0,0
2015/10/14 12:00,166.803,374,0,0,0
2015/10/14 13:00,365.687,374,0,0,0
2015/10/14 14:00,292.773,373,0,0,0
2015/10/14 15:00,370.164,372,0,0,0
2015/10/14 16:00,367.402,372,0,0,0
2015/10/14 17:00,414.637,375,0,0,0
2015/10/14 18:00,461.244,375,0,0,0
2015/10/14 19:00,307.474,375,0,0,0
2015/10/14 20:00,438.313,374,0,0,0
2015/10/14 21:00,414.812,374,0,0,0
2015/10/14 22:00,570.251,374,0,0,0
2015/10/14 23:00,557.16,375,0,0,0
2015/10/15 0:00,480.52,374,0,0,0
2015/10/15 1:00,589.421,376,0,0,0
2015/10/15 2:00,513.537,378,0,0,0
2015/10/15 3:00,535.809,378,0,0,0
2015/10/15 4:00,362.281,378,0,0,0
2015/10/15 5:00,507.046,378,0,0,0
2015/10/15 6:00,528.727,378,0,0,0
2015/10/15 7:00,418.453,373,0,0,0
2015/10/15 8:00,446.267,373,0,0,0
2015/10/15 9:00,394.681,374,0,0,0
2015/10/15 10:00,502.63,374,0,0,0
2015/10/15 11:00,302.578,376,0,0,0
2015/10/15 12:00,420.265,375,0,0,0
2015/10/15 13:00,483.854,374,0,0,0
2015/10/15 14:00,481.929,374,0,0,0
2015/10/15 15:00,551.246,376,0,0,0
2015/10/15 16:00,425.69,374,0,0,0
2015/10/15 17:00,513.724,374,0,0,0
2015/10/15 18:00,409.609,374,0,0,0
2015/10/15 19:00,366.438,374,0,0,0
2015/10/15 20:00,362.482,373,0,0,0
2015/10/15 21:00,353.815,373,0,0,0
2015/10/15 22:00,503.337,372,0,0,0
2015/10/15 23:00,387.768,371,0,0,0
2015/10/16 0:00,470.823,372,0,0,0
2015/10/16 1:00,448.792,201,0,0,0
2015/10/16 2:00,496.637,200,0,0,0
2015/10/16 3:00,424.621,201,0,0,0
2015/10/16 4:00,383.158,197,0,0,0
2015/10/16 5:00,480.645,197,0,0,0
2015/10/16 6:00,377.981,199,0,0,0
2015/10/16 7:00,413.015,199,0,0,0
2015/10/16 8:00,380.88,199,0,0,0
2015/10/16 9:00,368.256,200,0,0,0
2015/10/16 10:00,339.833,200,0,0,0
2015/10/16 11:00,287.361,199,0,0,0
2015/10/16 12:00,255.514,355,0,0,0
2015/10/16 13:00,279.899,369,0,0,0
2015/10/16 14:00,287.258,369,0,0,0
2015/10/16 15:00,246.204,368,0,0,0
2015/10/16 16:00,237.254,369,0,0,0
2015/10/16 17:00,232.797,372,0,0,0
2015/10/16 18:00,383.466,371,0,0,0
2015/10/16 19:00,373.216,371,0,0,0
2015/10/16 20:00,373.891,371,0,0,0
2015/10/16 21:00,460.766,371,0,0,0
2015/10/16 22:00,515.028,373,1,0,0
2015/10/16 23:00,513.487,377,0,0,0
2015/10/17 0:00,475.064,377,0,0,0
2015/10/17 1:00,446.706,205,0,0,0
2015/10/17 2:00,526.003,205,0,0,0
2015/10/17 3:00,485.982,205,0,0,0
2015/10/17 4:00,451.144,207,0,0,0
2015/10/17 5:00,491.533,208,0,0,0
2015/10/17 6:00,414.314,208,0,0,0
2015/10/17 7:00,402.778,208,0,0,0
2015/10/17 8:00,368.578,208,0,0,0
2015/10/17 9:00,369.128,208,0,0,0
2015/10/17 10:00,269.212,287,0,0,0
2015/10/17 11:00,289.797,367,0,0,0
2015/10/17 12:00,239.441,377,0,0,0
2015/10/17 13:00,326.553,371,0,0,0
2015/10/17 14:00,249.352,371,0,0,0
2015/10/17 15:00,269.712,371,0,0,0
2015/10/17 16:00,322.14,370,0,0,0
2015/10/17 17:00,250.521,372,0,0,0
2015/10/17 18:00,366.062,399,0,0,0
2015/10/17 19:00,358.228,402,0,0,0
2015/10/17 20:00,377.279,406,0,0,0
2015/10/17 21:00,387.585,267,0,0,0
2015/10/17 22:00,526.267,203,0,0,0
2015/10/17 23:00,549.157,199,0,0,0
2015/10/18 0:00,480.131,198,0,0,0
2015/10/18 1:00,444.01,206,0,0,0
2015/10/18 2:00,525.425,206,0,0,0
2015/10/18 3:00,545.895,206,0,0,0
2015/10/18 4:00,385.828,206,0,0,0
2015/10/18 5:00,340.71,206,0,0,0
2015/10/18 6:00,370.81,207,0,0,0
2015/10/18 7:00,346.989,206,0,0,0
2015/10/18 8:00,219.535,207,0,0,0
2015/10/18 9:00,171.634,207,0,0,0
2015/10/18 10:00,181.399,206,0,0,0
2015/10/18 11:00,157.37,206,0,0,0
2015/10/18 12:00,128.65,206,0,0,0
2015/10/18 13:00,260.787,207,0,0,0
2015/10/18 14:00,335.272,207,0,0,0
2015/10/18 15:00,389.06,207,0,0,0
2015/10/18 16:00,438.053,206,0,0,0
2015/10/18 17:00,417.364,207,0,0,0
2015/10/18 18:00,389.799,336,0,0,0
2015/10/18 19:00,221.037,350,0,0,0
2015/10/18 20:00,160.925,350,0,0,0
2015/10/18 21:00,86.439,348,0,0,0
2015/10/18 22:00,183.72,348,0,0,0
2015/10/18 23:00,214.292,352,0,0,0
2015/10/19 0:00,286.017,354,0,0,0
2015/10/19 1:00,350.247,350.9379917,0,0,0
2015/10/19 2:00,445.957,342.4358906,0,0,0
2015/10/19 3:00,532.537,328.4977061,0,0,0
2015/10/19 4:00,402.261,309.1234383,0,0,0
2015/10/19 5:00,444.707,284.313087,0,0,0
2015/10/19 6:00,401.08,254.0666524,0,0,0
2015/10/19 7:00,375.488,218.3841345,0,0,0
2015/10/19 8:00,405.943,177.2655331,1,0,0
2015/10/19 9:00,281.494,139.3552476,0,0,0
2015/10/19 10:00,384.479,113.2976771,0,0,0
2015/10/19 11:00,259.753,99.09282165,0,0,0
2015/10/19 12:00,245.901,96.74068119,0,0,0
2015/10/19 13:00,362.27,106.2412558,0,0,0
2015/10/19 14:00,216.148,127.5945454,0,0,0
2015/10/19 15:00,213.209,160.80055,0,0,0
2015/10/19 16:00,160.871,206,0,0,0
2015/10/19 17:00,276.7,266,0,0,0
2015/10/19 18:00,289.625,346,0,0,0
2015/10/19 19:00,159.219,345,0,0,0
2015/10/19 20:00,253.367,346,0,0,0
2015/10/19 21:00,331.23,346,0,0,0
2015/10/19 22:00,281.305,345,0,0,0
2015/10/19 23:00,290.116,412,0,0,0
2015/10/20 0:00,274.62,415,0,0,0
2015/10/20 1:00,475.788,201,0,0,0
2015/10/20 2:00,401.279,200,0,0,0
2015/10/20 3:00,490.779,200,0,0,0
2015/10/20 4:00,471.283,200,0,0,0
2015/10/20 5:00,444.369,200,0,0,0
2015/10/20 6:00,486.486,200,0,0,0
2015/10/20 7:00,341.375,198,0,0,0
2015/10/20 8:00,425.052,197,0,0,0
2015/10/20 9:00,235.859,232,0,0,0
2015/10/20 10:00,323.347,369,0,0,0
2015/10/20 11:00,366.672,370,0,0,0
2015/10/20 12:00,346.67,370,0,0,0
2015/10/20 13:00,292.71,370,0,0,0
2015/10/20 14:00,214.074,369,0,0,0
2015/10/20 15:00,187.762,372,0,0,0
2015/10/20 16:00,311.069,372,0,0,0
2015/10/20 17:00,293.639,372,0,0,0
2015/10/20 18:00,354.208,350,0,0,0
2015/10/20 19:00,283.229,349,0,0,0
2015/10/20 20:00,469.648,349,0,0,0
2015/10/20 21:00,594.568,256,0,0,0
2015/10/20 22:00,356.496,185,0,0,0
2015/10/20 23:00,345.88,184,0,0,0
2015/10/21 0:00,352.917,184,0,0,0
2015/10/21 1:00,443.344,208,0,0,0
2015/10/21 2:00,337.932,213,0,0,0
2015/10/21 3:00,442.415,213,0,0,0
2015/10/21 4:00,432.043,213,0,0,0
2015/10/21 5:00,425.64,213,0,0,0
2015/10/21 6:00,338.093,213,0,0,0
2015/10/21 7:00,214.401,213,0,0,0
2015/10/21 8:00,186.54,213,0,0,0
2015/10/21 9:00,142.324,211,0,0,0
2015/10/21 10:00,203.153,210,0,0,0
2015/10/21 11:00,163.101,210,0,0,0
2015/10/21 12:00,184.671,210,0,0,0
2015/10/21 13:00,356.504,210,0,0,0
2015/10/21 14:00,366.748,210,0,0,0
2015/10/21 15:00,243.376,210,0,0,0
2015/10/21 16:00,283.81,209,0,0,0
2015/10/21 17:00,388.095,209,0,0,0
2015/10/21 18:00,307.918,319,0,0,0
2015/10/21 19:00,273.492,321,0,0,0
2015/10/21 20:00,246.54,321,0,0,0
2015/10/21 21:00,244.078,320,0,0,0
2015/10/21 22:00,187,319,0,0,0
2015/10/21 23:00,181.65,213,1,0,0
2015/10/22 0:00,248.812,212,0,0,0
2015/10/22 1:00,305.851,212,0,0,0
2015/10/22 2:00,322.725,213,0,0,0
2015/10/22 3:00,428.608,213,0,0,0
2015/10/22 4:00,491.51,213,0,0,0
2015/10/22 5:00,335.006,213,0,0,0
2015/10/22 6:00,375.661,213,0,0,0
2015/10/22 7:00,311.911,210,0,0,0
2015/10/22 8:00,352.267,209,0,0,0
2015/10/22 9:00,316.84,209,0,0,0
2015/10/22 10:00,275.435,208,0,0,0
2015/10/22 11:00,403.713,209,0,0,0
2015/10/22 12:00,267.998,209,0,0,0
2015/10/22 13:00,277.803,208,0,0,0
2015/10/22 14:00,131.282,208,0,0,0
2015/10/22 15:00,176.348,209,0,0,0
2015/10/22 16:00,130.289,208,0,0,0
2015/10/22 17:00,131.272,208,0,0,0
2015/10/22 18:00,187.195,208,0,0,0
2015/10/22 19:00,222.944,208,0,0,0
2015/10/22 20:00,189.119,311,0,0,0
2015/10/22 21:00,92.324,350,0,0,0
2015/10/22 22:00,233.942,350,0,0,0
2015/10/22 23:00,240.113,295,0,0,0
2015/10/23 0:00,217.076,187,0,0,0
2015/10/23 1:00,141.201,159,0,0,0
2015/10/23 2:00,323.906,159,0,0,0
2015/10/23 3:00,452.907,159,0,0,0
2015/10/23 4:00,368.315,159,0,0,0
2015/10/23 5:00,315.15,159,0,0,0
2015/10/23 6:00,469.289,160,0,0,0
2015/10/23 7:00,436.421,160,0,0,0
2015/10/23 8:00,321.91,160,0,0,0
2015/10/23 9:00,275.606,160,0,0,0
2015/10/23 10:00,270.567,160,0,0,0
2015/10/23 11:00,371.464,182,0,0,0
2015/10/23 12:00,242.574,181,0,0,0
2015/10/23 13:00,326.257,182,0,0,0
2015/10/23 14:00,309.138,182,0,0,0
2015/10/23 15:00,281.316,182,0,0,0
2015/10/23 16:00,219.487,182,0,0,0
2015/10/23 17:00,262.436,181,0,0,0
2015/10/23 18:00,193.8,207,0,0,0
2015/10/23 19:00,82.083,342,0,0,0
2015/10/23 20:00,193.59,345,0,0,0
2015/10/23 21:00,188.295,349,0,0,0
2015/10/23 22:00,235.935,346,0,0,0
2015/10/23 23:00,126.651,346,0,0,0
2015/10/24 0:00,256.853,181,0,0,0
2015/10/24 1:00,370.293,181,0,0,0
2015/10/24 2:00,362.779,181,0,0,0
2015/10/24 3:00,363.273,181,0,0,0
2015/10/24 4:00,363.673,181,0,0,0
2015/10/24 5:00,363.926,232,0,0,0
2015/10/24 6:00,348.192,372,0,0,0
2015/10/24 7:00,384.873,376,0,0,0
2015/10/24 8:00,272.337,374,0,0,0
2015/10/24 9:00,315.863,194,0,0,0
2015/10/24 10:00,334.458,194,0,0,0
2015/10/24 11:00,299.579,193,0,0,0
2015/10/24 12:00,319.578,193,0,0,0
2015/10/24 13:00,290.403,171,0,0,0
2015/10/24 14:00,367.5,163,0,0,0
2015/10/24 15:00,285.028,163,0,0,0
2015/10/24 16:00,286.118,163,0,0,0
2015/10/24 17:00,336.526,163,0,0,0
2015/10/24 18:00,331.03,163,0,0,0
2015/10/24 19:00,224.034,163,0,0,0
2015/10/24 20:00,222.649,191,0,0,0
2015/10/24 21:00,277.953,191,0,0,0
2015/10/24 22:00,333.274,189,0,0,0
2015/10/24 23:00,333.016,188,0,0,0
2015/10/25 0:00,277.139,188,0,0,0
2015/10/25 1:00,332.325,163,0,0,0
2015/10/25 2:00,332.096,163,0,0,0
2015/10/25 3:00,331.959,163,0,0,0
2015/10/25 4:00,276.394,163,0,0,0
2015/10/25 5:00,276.515,163,0,0,0
2015/10/25 6:00,332.279,163,0,0,0
2015/10/25 7:00,388.102,163,0,0,0
2015/10/25 8:00,388.331,163,1,0,0
2015/10/25 9:00,277.486,160,0,0,0
2015/10/25 10:00,277.727,160,0,0,0
2015/10/25 11:00,277.744,160,0,0,0
2015/10/25 12:00,277.77,160,0,0,0
2015/10/25 13:00,222.171,160,0,0,0
2015/10/25 14:00,222.223,160,0,0,0
2015/10/25 15:00,281.767,160,0,0,0
2015/10/25 16:00,282.637,160,0,0,0
2015/10/25 17:00,232.32,160,0,0,0
2015/10/25 18:00,123.89,160,0,0,0
2015/10/25 19:00,136.445,160,0,0,0
2015/10/25 20:00,192.818,161,0,0,0
2015/10/25 21:00,239.534,153,0,0,0
2015/10/25 22:00,225.704,153,0,0,0
2015/10/25 23:00,214.162,153,0,0,0
2015/10/26 0:00,216.654,153,0,0,0
2015/10/26 1:00,312.773,153,0,0,0
2015/10/26 2:00,235.345,159,0,0,0
2015/10/26 3:00,262.135,192,0,0,0
2015/10/26 4:00,237.665,192,0,0,0
2015/10/26 5:00,262.964,192,0,0,0
2015/10/26 6:00,330.64,193,0,0,0
2015/10/26 7:00,244.819,192,0,0,0
2015/10/26 8:00,199.317,192,0,0,0
2015/10/26 9:00,214.463,194,0,0,0
2015/10/26 10:00,237.385,154,0,0,0
2015/10/26 11:00,260.109,202,0,0,0
2015/10/26 12:00,223.47,204,0,0,0
2015/10/26 13:00,184.892,204,0,0,0
2015/10/26 14:00,236.563,204,0,0,0
2015/10/26 15:00,180.58,204,0,0,0
2015/10/26 16:00,186.029,204,0,0,0
2015/10/26 17:00,193.635,204,0,0,0
2015/10/26 18:00,250.614,353,0,0,0
2015/10/26 19:00,169.475,363,0,6,0
2015/10/26 20:00,145.613,369,0,3,1
2015/10/26 21:00,127.769,368,0,0,2
2015/10/26 22:00,134.071,372,0,1,0
2015/10/26 23:00,169.358,375,0,0,0
2015/10/27 0:00,216.371,371,0,0,0
2015/10/27 1:00,342.392,163,0,0,0
2015/10/27 2:00,354.612,162,0,0,0
2015/10/27 3:00,466.969,162,0,0,0
2015/10/27 4:00,539.882,162,0,0,0
2015/10/27 5:00,525.621,162,0,0,0
2015/10/27 6:00,481.929,162,0,0,0
2015/10/27 7:00,445.146,163,0,0,0
2015/10/27 8:00,511.182,163,0,0,0
2015/10/27 9:00,383.045,160,0,0,1
2015/10/27 10:00,405.81,159,0,0,0
2015/10/27 11:00,318.885,188,0,0,0
2015/10/27 12:00,261.692,195,0,0,0
2015/10/27 13:00,305.14,196,0,0,0
2015/10/27 14:00,306.117,196,0,0,0
2015/10/27 15:00,395.555,195,0,0,0
2015/10/27 16:00,278.754,196,0,0,0
2015/10/27 17:00,278.925,196,0,0,0
2015/10/27 18:00,333.979,196,0,0,0
2015/10/27 19:00,277.133,196,0,0,0
2015/10/27 20:00,160.046,195,0,0,0
2015/10/27 21:00,213.65,319,0,0,0
2015/10/27 22:00,157.136,373,0,0,0
2015/10/27 23:00,214.079,374,0,0,0
2015/10/28 0:00,162.416,374,0,0,0
2015/10/28 1:00,171.749,162,0,0,0
2015/10/28 2:00,232.06,162,0,0,0
2015/10/28 3:00,123.098,149,0,0,0
2015/10/28 4:00,286.445,161,0,0,0
2015/10/28 5:00,338.029,162,0,0,0
2015/10/28 6:00,446.039,162,0,0,0
2015/10/28 7:00,440.459,162,0,0,0
2015/10/28 8:00,437.728,161,0,0,0
2015/10/28 9:00,549.593,160,0,0,0
2015/10/28 10:00,396.656,161,0,0,0
2015/10/28 11:00,296.047,196,0,0,0
2015/10/28 12:00,235.271,196,0,0,0
2015/10/28 13:00,235.759,196,0,0,0
2015/10/28 14:00,300.483,196,0,0,0
2015/10/28 15:00,138.361,197,0,0,0
2015/10/28 16:00,129.075,199,0,0,0
2015/10/28 17:00,178.716,199,0,0,0
2015/10/28 18:00,187.088,199,0,0,0
2015/10/28 19:00,188.945,198,0,0,0
2015/10/28 20:00,122.788,199,0,0,0
2015/10/28 21:00,219.978,200,0,0,0
2015/10/28 22:00,280.717,214,0,0,0
2015/10/28 23:00,227.309,287,0,0,0
2015/10/29 0:00,217.185,286,0,0,0
2015/10/29 1:00,211.439,164,0,0,0
2015/10/29 2:00,158.972,165,0,0,0
2015/10/29 3:00,161.323,167,1,0,0
2015/10/29 4:00,205.045,166,0,0,0
2015/10/29 5:00,236.992,166,0,0,0
2015/10/29 6:00,280.86,162,0,0,0
2015/10/29 7:00,432.142,157,0,0,0
2015/10/29 8:00,467.599,157,0,0,0
2015/10/29 9:00,455.59,157,0,0,0
2015/10/29 10:00,391.408,157,0,0,0
2015/10/29 11:00,397.966,279,0,0,0
2015/10/29 12:00,281.457,282,0,0,0
2015/10/29 13:00,222.294,283,0,0,0
2015/10/29 14:00,221.386,283,0,0,0
2015/10/29 15:00,167.038,284,0,0,0
2015/10/29 16:00,226.213,283,0,0,0
2015/10/29 17:00,185.552,282,0,0,1
2015/10/29 18:00,320.702,284,0,0,0
2015/10/29 19:00,284.74,267,0,0,0
2015/10/29 20:00,253.668,266,0,3,0
2015/10/29 21:00,272.305,268,0,0,0
2015/10/29 22:00,289.665,271,0,1,0
2015/10/29 23:00,332.905,269,0,0,0
2015/10/30 0:00,323.351,269,0,0,0
2015/10/30 1:00,272.114,293,0,0,0
2015/10/30 2:00,359.343,293,0,2,0
2015/10/30 3:00,334.475,292,0,2,0
2015/10/30 4:00,304.567,261,0,0,0
2015/10/30 5:00,339.037,189,0,0,0
2015/10/30 6:00,328.718,190,0,0,0
2015/10/30 7:00,421.476,190,0,0,0
2015/10/30 8:00,322.132,189,0,0,0
2015/10/30 9:00,445.256,189,0,0,0
2015/10/30 10:00,463.747,216,0,0,0
2015/10/30 11:00,482.232,216,0,0,1
2015/10/30 12:00,433.137,217,0,0,0
2015/10/30 13:00,382.404,216,0,2,1
2015/10/30 14:00,378.973,215,0,0,0
2015/10/30 15:00,268.158,216,0,0,0
2015/10/30 16:00,268.105,216,0,0,0
2015/10/30 17:00,212.563,216,0,0,0
2015/10/30 18:00,268.116,216,0,0,0
2015/10/30 19:00,323.624,216,0,0,0
2015/10/30 20:00,379.149,216,0,1,1
2015/10/30 21:00,379.077,216,0,0,0
2015/10/30 22:00,378.965,214,0,0,0
2015/10/30 23:00,378.789,216,0,1,0
2015/10/31 0:00,319.378,216,0,0,0
2015/10/31 1:00,311.326,192,0,0,1
2015/10/31 2:00,350.932,192,0,0,0
2015/10/31 3:00,336.191,191,0,0,0
2015/10/31 4:00,273.822,191,0,0,0
2015/10/31 5:00,319.811,193,0,0,0
2015/10/31 6:00,312.373,191,0,0,0
2015/10/31 7:00,305.721,193,0,0,0
2015/10/31 8:00,200.099,192,0,0,1
2015/10/31 9:00,264.114,192,0,0,0
2015/10/31 10:00,317.428,193,0,0,0
2015/10/31 11:00,261.939,194,0,0,0
2015/10/31 12:00,263.392,193,0,0,0
2015/10/31 13:00,266.535,193,0,2,0
2015/10/31 14:00,324.855,192,0,0,0
2015/10/31 15:00,267.341,190,0,2,0
2015/10/31 16:00,270.884,189,0,0,0
2015/10/31 17:00,271.569,189,0,0,0
2015/10/31 18:00,330.128,270,0,0,0
2015/10/31 19:00,274.739,277,0,0,0
2015/10/31 20:00,326.48,277,0,0,0
2015/10/31 21:00,325.656,213,0,0,0
2015/10/31 22:00,266.473,162,0,0,0
2015/10/31 23:00,322.96,161,0,0,0
2015/11/1 0:00,208.55,161,0,0,0
2015/11/1 1:00,321.215,183,0,0,0
2015/11/1 2:00,314.491,183,0,0,0
2015/11/1 3:00,363.713,183,0,0,0
2015/11/1 4:00,404.599,184,0,0,0
2015/11/1 5:00,379.058,184,0,0,0
2015/11/1 6:00,466.734,184,0,0,0
2015/11/1 7:00,387.413,206,0,0,0
2015/11/1 8:00,272.339,410,0,0,0
2015/11/1 9:00,278.431,416,0,0,0
2015/11/1 10:00,193.306,491,0,0,0
2015/11/1 11:00,232.168,497,0,0,0
2015/11/1 12:00,269.834,497,0,0,0
2015/11/1 13:00,300.851,497,0,0,0
2015/11/1 14:00,314.902,500,0,0,0
2015/11/1 15:00,366.725,502,0,0,0
2015/11/1 16:00,516.933,506,0,0,0
2015/11/1 17:00,499.139,511,0,0,0
2015/11/1 18:00,481.03,275,0,0,0
2015/11/1 19:00,524.937,273,0,0,0
2015/11/1 20:00,684.46,271,0,0,0
2015/11/1 21:00,626.755,272,0,0,0
2015/11/1 22:00,571.677,271,0,0,0
2015/11/1 23:00,625.895,271,0,0,0
2015/11/2 0:00,626.116,269,0,0,0
2015/11/2 1:00,560.981,266,0,0,0
2015/11/2 2:00,487.178,283,0,0,0
2015/11/2 3:00,468.799,284,0,0,0
2015/11/2 4:00,393.558,287,0,0,0
2015/11/2 5:00,318.3,287,0,0,0
2015/11/2 6:00,354.072,284,0,0,0
2015/11/2 7:00,344.302,281,0,0,0
2015/11/2 8:00,354.551,280,0,0,0
2015/11/2 9:00,374.194,285,0,0,0
2015/11/2 10:00,502.573,286,0,0,0
2015/11/2 11:00,410.801,206,0,0,0
2015/11/2 12:00,428.11,207,0,0,0
2015/11/2 13:00,448.571,205,0,0,0
2015/11/2 14:00,403.961,206,0,0,0
2015/11/2 15:00,348.947,206,0,0,0
2015/11/2 16:00,297.593,206,0,0,0
2015/11/2 17:00,354.321,225,0,0,0
2015/11/2 18:00,280.337,285,0,0,0
2015/11/2 19:00,257.212,287,0,0,0
2015/11/2 20:00,364.583,287,0,0,0
2015/11/2 21:00,399.974,383,0,0,0
2015/11/2 22:00,322.949,481,0,0,0
2015/11/2 23:00,357.974,483,0,0,0
2015/11/3 0:00,303.537,489,0,0,0
2015/11/3 1:00,306.217,218,0,0,0
2015/11/3 2:00,233.204,203,0,0,0
2015/11/3 3:00,233.201,204,0,0,0
2015/11/3 4:00,344.311,204,0,0,0
2015/11/3 5:00,455.423,204,0,0,0
2015/11/3 6:00,566.512,204,0,0,0
2015/11/3 7:00,622.052,200,0,0,0
2015/11/3 8:00,566.48,198,0,0,0
2015/11/3 9:00,566.497,195,0,0,0
2015/11/3 10:00,510.92,278,0,0,0
2015/11/3 11:00,399.787,278,0,0,0
2015/11/3 12:00,288.677,279,0,0,0
2015/11/3 13:00,233.101,279,0,0,0
2015/11/3 14:00,288.85,280,0,0,0
2015/11/3 15:00,288.851,279,0,0,0
2015/11/3 16:00,233.319,278,0,0,0
2015/11/3 17:00,189.741,278,0,0,0
2015/11/3 18:00,208.906,280,0,0,0
2015/11/3 19:00,282.156,280,0,0,0
2015/11/3 20:00,301.211,279,0,1,0
2015/11/3 21:00,375.712,280,0,0,0
2015/11/3 22:00,446.772,420,0,0,1
2015/11/3 23:00,450.957,478,0,0,2
2015/11/4 0:00,557.248,480,0,1,1
2015/11/4 1:00,439.042,289,2,2,0
2015/11/4 2:00,475.348,290,0,0,0
2015/11/4 3:00,345.287,292,0,0,0
2015/11/4 4:00,385.335,292,0,0,0
2015/11/4 5:00,480.303,292,0,0,0
2015/11/4 6:00,410.422,292,0,0,0
2015/11/4 7:00,510.953,292,0,0,0
2015/11/4 8:00,455.395,291,1,1,0
2015/11/4 9:00,462.003,291,0,0,0
2015/11/4 10:00,373.048,292,0,0,0
2015/11/4 11:00,388.755,293,0,0,0
2015/11/4 12:00,402.219,294,0,0,0
2015/11/4 13:00,362.111,293,0,0,0
2015/11/4 14:00,435.698,293,0,0,0
2015/11/4 15:00,501.935,294,0,0,0
2015/11/4 16:00,499.405,294,0,0,0
2015/11/4 17:00,391.427,261,0,0,0
2015/11/4 18:00,372.326,187,0,0,0
2015/11/4 19:00,258.9,187,0,0,0
2015/11/4 20:00,235.455,187,0,0,0
2015/11/4 21:00,310.915,187,0,0,0
2015/11/4 22:00,361.342,187,0,0,0
2015/11/4 23:00,412.416,186,0,0,0
2015/11/5 0:00,427.256,187,0,0,0
2015/11/5 1:00,469.763,163,0,0,0
2015/11/5 2:00,419.7,161,0,0,0
2015/11/5 3:00,327.017,161,0,0,0
2015/11/5 4:00,201.473,161,0,0,0
2015/11/5 5:00,187.217,161,0,0,0
2015/11/5 6:00,178.078,161,0,0,0
2015/11/5 7:00,233.613,162,0,0,0
2015/11/5 8:00,233.597,162,0,0,0
2015/11/5 9:00,194.303,159,0,0,0
2015/11/5 10:00,267.602,162,0,0,0
2015/11/5 11:00,287.649,289,0,0,0
2015/11/5 12:00,278.342,290,0,0,0
2015/11/5 13:00,217.523,291,0,0,0
2015/11/5 14:00,164.534,291,0,0,0
2015/11/5 15:00,208.951,290,0,0,0
2015/11/5 16:00,302.098,291,0,0,0
2015/11/5 17:00,176.315,291,0,0,0
2015/11/5 18:00,234.483,291,0,0,0
2015/11/5 19:00,238.541,291,0,0,0
2015/11/5 20:00,338.034,291,0,0,0
2015/11/5 21:00,320.645,291,0,0,0
2015/11/5 22:00,337.959,291,0,0,0
2015/11/5 23:00,407.188,291,0,0,0
2015/11/6 0:00,375.026,291,0,0,0
2015/11/6 1:00,396.725,214,0,0,0
2015/11/6 2:00,371.943,213,0,0,0
2015/11/6 3:00,347.436,213,0,0,0
2015/11/6 4:00,350.849,213,0,0,0
2015/11/6 5:00,353.023,213,0,0,0
2015/11/6 6:00,358.98,213,0,0,0
2015/11/6 7:00,417.395,213,0,0,0
2015/11/6 8:00,360.342,211,0,0,0
2015/11/6 9:00,418.731,211,0,0,0
2015/11/6 10:00,324.873,211,0,0,0
2015/11/6 11:00,311.494,211,0,0,0
2015/11/6 12:00,182.726,211,0,0,0
2015/11/6 13:00,344.253,211,0,0,0
2015/11/6 14:00,234.908,211,0,0,0
2015/11/6 15:00,288.091,211,0,0,0
2015/11/6 16:00,217.1,211,0,0,0
2015/11/6 17:00,275.724,211,0,0,0
2015/11/6 18:00,395.191,211,0,0,0
2015/11/6 19:00,176.845,211,0,0,0
2015/11/6 20:00,328.463,211,0,0,0
2015/11/6 21:00,258.277,211,0,0,0
2015/11/6 22:00,375.806,211,0,0,0
2015/11/6 23:00,291.753,211,0,0,0
2015/11/7 0:00,257.344,211,0,0,0
2015/11/7 1:00,199.111,162,0,0,0
2015/11/7 2:00,212.119,162,0,0,0
2015/11/7 3:00,116.842,162,0,0,0
2015/11/7 4:00,163.183,160,0,0,0
2015/11/7 5:00,201.224,158,0,0,0
2015/11/7 6:00,245.632,158,0,0,0
2015/11/7 7:00,202.711,158,0,0,0
2015/11/7 8:00,171.02,159,0,0,0
2015/11/7 9:00,213.666,161,1,0,0
2015/11/7 10:00,158.347,161,0,0,0
2015/11/7 11:00,234.628,184,0,0,0
2015/11/7 12:00,147.465,186,0,0,0
2015/11/7 13:00,331.056,186,0,0,0
2015/11/7 14:00,265.836,186,0,0,0
2015/11/7 15:00,236.94,186,0,0,0
2015/11/7 16:00,140.311,209,0,0,0
2015/11/7 17:00,100.055,209,0,0,0
2015/11/7 18:00,104.742,209,0,0,0
2015/11/7 19:00,99.021,209,0,0,0
2015/11/7 20:00,164.262,209,0,0,0
2015/11/7 21:00,173.925,209,0,0,0
2015/11/7 22:00,239.125,209,0,0,0
2015/11/7 23:00,280.418,209,0,0,0
2015/11/8 0:00,198.776,209,0,0,0
2015/11/8 1:00,264.103,185,0,0,0
2015/11/8 2:00,271.413,185,0,0,0
2015/11/8 3:00,274.099,185,0,0,0
2015/11/8 4:00,431.863,185,0,0,0
2015/11/8 5:00,191.936,185,0,15,0
2015/11/8 6:00,354.437,185,0,0,0
2015/11/8 7:00,213.478,185,2,0,0
2015/11/8 8:00,135.918,185,1,1,0
2015/11/8 9:00,279.347,185,3,0,0
2015/11/8 10:00,48.899,185,0,0,0
2015/11/8 11:00,273.205,185,0,0,0
2015/11/8 12:00,151.847,185,0,0,0
2015/11/8 13:00,176.744,185,0,0,0
2015/11/8 14:00,207.207,185,0,0,0
2015/11/8 15:00,188.313,185,0,0,0
2015/11/8 16:00,409.388,184.9993142,0,0,0
2015/11/8 17:00,301.903,184.9978748,0,0,0
2015/11/8 18:00,311.279,185,0,0,0
2015/11/8 19:00,323.81,185,0,0,0
2015/11/8 20:00,404.841,185,0,0,0
2015/11/8 21:00,272.714,185,0,0,0
2015/11/8 22:00,139.391,188,0,0,0
2015/11/8 23:00,214.259,188,0,0,0
2015/11/9 0:00,275.317,188,0,0,0
2015/11/9 1:00,291.816,187,0,0,0
2015/11/9 2:00,214.113,187,0,0,0
2015/11/9 3:00,238.043,187,0,0,0
2015/11/9 4:00,241.99,187,0,0,0
2015/11/9 5:00,199.786,187,0,0,0
2015/11/9 6:00,236.343,186,0,0,0
2015/11/9 7:00,277.699,187,0,0,0
2015/11/9 8:00,277.675,187,0,0,0
2015/11/9 9:00,372.44,186,0,0,0
2015/11/9 10:00,241.152,187,0,0,0
2015/11/9 11:00,89.418,187,0,0,0
2015/11/9 12:00,224.737,186,0,0,0
2015/11/9 13:00,160.393,186,0,0,0
2015/11/9 14:00,180.93,215.8599124,0,0,0
2015/11/9 15:00,150.9,258,0,0,0
2015/11/9 16:00,243.85,287,0,0,0
2015/11/9 17:00,481.884,287,0,0,0
2015/11/9 18:00,143.327,288,0,0,0
2015/11/9 19:00,173.347,371,0,0,0
2015/11/9 20:00,180.391,372,0,0,0
2015/11/9 21:00,141.218,372,0,0,0
2015/11/9 22:00,240.269,371,0,0,0
2015/11/9 23:00,119.417,373,0,0,0
2015/11/10 0:00,391.657,374,0,0,0
2015/11/10 1:00,405.846,285,0,0,0
2015/11/10 2:00,410.156,286,0,0,0
2015/11/10 3:00,495.541,287,0,0,0
2015/11/10 4:00,328.326,285,1,0,0
2015/11/10 5:00,511.695,286,0,0,0
2015/11/10 6:00,491.135,285,0,0,0
2015/11/10 7:00,454.608,285,0,0,0
2015/11/10 8:00,362.359,284,1,0,0
2015/11/10 9:00,385.923,283,0,0,0
2015/11/10 10:00,425.957,282,0,0,0
2015/11/10 11:00,321.452,282,0,0,0
2015/11/10 12:00,203.064,283,0,0,0
2015/11/10 13:00,284.761,283,0,1,0
2015/11/10 14:00,334.847,282,0,2,1
2015/11/10 15:00,247.434,282,0,0,6
2015/11/10 16:00,313.052,284,0,2,4
2015/11/10 17:00,319.814,283,0,0,0
2015/11/10 18:00,332.886,333,2,2,0
2015/11/10 19:00,259.566,495,2,2,0
2015/11/10 20:00,289.999,508,5,3,0
2015/11/10 21:00,255.819,508,1,1,0
2015/11/10 22:00,232.146,508,2,0,0
2015/11/10 23:00,390.887,510,0,2,2
2015/11/11 0:00,436.199,513,0,0,0
2015/11/11 1:00,286.943,512,0,0,0
2015/11/11 2:00,451.441,513,0,0,0
2015/11/11 3:00,632.1,513,0,2,0
2015/11/11 4:00,669.018,513,0,0,0
2015/11/11 5:00,533.972,514,0,0,0
2015/11/11 6:00,619.475,513,0,0,3
2015/11/11 7:00,746.272,516,0,0,4
2015/11/11 8:00,717.877,521,1,0,0
2015/11/11 9:00,675.917,521,0,0,2
2015/11/11 10:00,664.845,519,0,0,1
2015/11/11 11:00,587.826,523,0,0,1
2015/11/11 12:00,573.136,528,0,0,1
2015/11/11 13:00,688.037,743,0,0,0
2015/11/11 14:00,584.47,753,0,0,0
2015/11/11 15:00,546.671,754,0,0,0
2015/11/11 16:00,588.552,752,0,0,1
2015/11/11 17:00,691.826,751,0,0,3
2015/11/11 18:00,632.133,753,0,0,0
2015/11/11 19:00,536.407,751,0,0,0
2015/11/11 20:00,598.368,752,0,0,0
2015/11/11 21:00,599.212,752,0,0,0
2015/11/11 22:00,760.824,761,1,16,5
2015/11/11 23:00,764.585,761,0,0,4
2015/11/12 0:00,875.506,760,2,2,2
2015/11/12 1:00,948.809,752,2,0,1
2015/11/12 2:00,1048.359,755,0,2,1
2015/11/12 3:00,1106.303,744,2,2,2
2015/11/12 4:00,1059.168,741,2,2,2
2015/11/12 5:00,1011.074,998,0,0,2
2015/11/12 6:00,1076.567,843,4,2,1
2015/11/12 7:00,1068.872,817,2,2,2
2015/11/12 8:00,1043.66,814,1,2,1
2015/11/12 9:00,958.704,816,1,0,1
2015/11/12 10:00,908.36,996,0,0,1
2015/11/12 11:00,967.458,1020,0,2,0
2015/11/12 12:00,963.251,1020,0,0,1
2015/11/12 13:00,1009.941,960,2,2,1
2015/11/12 14:00,992.766,961,0,0,0
2015/11/12 15:00,1077.023,949,2,2,1
2015/11/12 16:00,1082.605,891,0,2,0
2015/11/12 17:00,1138.617,893,2,0,1
2015/11/12 18:00,1194.201,1028,0,2,0
2015/11/12 19:00,1249.235,1158,0,0,0
2015/11/12 20:00,1302.381,1155,1,0,0
2015/11/12 21:00,1356.559,1318,0,0,0
2015/11/12 22:00,1363.394,1441,0,0,0
2015/11/12 23:00,1598.798,1298,0,0,0
2015/11/13 0:00,1541.482,1298,0,0,0
2015/11/13 1:00,1515.27,1444,0,0,0
2015/11/13 2:00,1491.897,1615,0,0,0
2015/11/13 3:00,1415.336,1653,0,0,0
2015/11/13 4:00,1615.233,1850,0,0,0
2015/11/13 5:00,1570.452,1853,0,0,0
2015/11/13 6:00,1613.298,1858,0,0,0
2015/11/13 7:00,1820.014,2115,0,0,0
2015/11/13 8:00,1841.228,1871,0,0,0
2015/11/13 9:00,2119.687,2116,0,0,0
2015/11/13 10:00,1969.836,2110,0,0,0
2015/11/13 11:00,1943.834,2045,0,0,0
2015/11/13 12:00,2067.178,2048,0,0,0
2015/11/13 13:00,2105.62,2048,0,0,0
2015/11/13 14:00,2219.754,2165,0,0,0
2015/11/13 15:00,2184.54,2051,0,0,0
2015/11/13 16:00,2351.961,2053,0,0,0
2015/11/13 17:00,2408.257,2048,0,0,0
2015/11/13 18:00,2409.235,2053,0,0,0
2015/11/13 19:00,2356.163,1925,0,0,0
2015/11/13 20:00,2467.332,1800,0,0,0
2015/11/13 21:00,2467.083,1799,0,0,0
2015/11/13 22:00,2466.873,1796,0,0,0
2015/11/13 23:00,2522.19,1670,0,0,0
2015/11/14 0:00,2504.301,1668,0,0,0
2015/11/14 1:00,2661.435,1656,0,0,0
2015/11/14 2:00,2532.002,1461,0,0,0
2015/11/14 3:00,2577.808,1395,0,0,0
2015/11/14 4:00,2570.129,1380,0,0,0
2015/11/14 5:00,2494.973,1504,0,0,0
2015/11/14 6:00,2464.783,1505,0,0,0
2015/11/14 7:00,2314.927,1508,0,0,0
2015/11/14 8:00,2250.083,1315,0,0,0
2015/11/14 9:00,2100.129,1303,0,0,0
2015/11/14 10:00,1884.623,1174,0,0,0
2015/11/14 11:00,1837.41,1172,0,0,0
2015/11/14 12:00,1716.836,1027,0,0,0
2015/11/14 13:00,1652.011,847,0,0,0
2015/11/14 14:00,1622.373,943,0,0,0
2015/11/14 15:00,1612.844,943,0,0,0
2015/11/14 16:00,1750.16,956,0,0,0
2015/11/14 17:00,1688.898,958,0,0,0
2015/11/14 18:00,1568.015,956,0,0,0
2015/11/14 19:00,1374.029,958,0,0,0
2015/11/14 20:00,1322.106,956,0,0,0
2015/11/14 21:00,1244.816,955,0,0,0
2015/11/14 22:00,1269.395,956,0,0,0
2015/11/14 23:00,1155.747,957,0,0,0
2015/11/15 0:00,1177.544,792,0,0,0
2015/11/15 1:00,1307.936,753,0,0,0
2015/11/15 2:00,1338.769,752,0,0,0
2015/11/15 3:00,1225.223,745,0,0,0
2015/11/15 4:00,1105.073,737,0,0,0
2015/11/15 5:00,1163.492,738,0,0,0
2015/11/15 6:00,1226.269,738,0,0,0
2015/11/15 7:00,1223.902,737,0,0,0
2015/11/15 8:00,1002.386,778,0,0,0
2015/11/15 9:00,1040.879,807,0,0,0
2015/11/15 10:00,905.939,774,0,0,0
2015/11/15 11:00,754.678,739,0,0,0
2015/11/15 12:00,842.885,739,0,0,0
2015/11/15 13:00,697.145,737,0,0,0
2015/11/15 14:00,816.102,737,0,0,0
2015/11/15 15:00,858.815,738,0,0,0
2015/11/15 16:00,896.3,739,0,0,0
2015/11/15 17:00,952.225,738,0,0,0
2015/11/15 18:00,845.561,738,0,0,0
2015/11/15 19:00,830.021,740,0,0,0
2015/11/15 20:00,837.742,740,0,0,0
2015/11/15 21:00,781.857,671,0,0,0
2015/11/15 22:00,801.369,516,0,0,0
2015/11/15 23:00,873.293,512,0,0,0
2015/11/16 0:00,891.092,509,1,0,0
2015/11/16 1:00,886.489,637,0,2,0
2015/11/16 2:00,1003.813,742,2,0,0
2015/11/16 3:00,909.636,745,0,0,0
2015/11/16 4:00,993.288,743,0,0,0
2015/11/16 5:00,921.515,745,0,0,0
2015/11/16 6:00,584.646,743,0,0,0
2015/11/16 7:00,767.721,745,0,0,0
2015/11/16 8:00,688.814,745,0,1,0
2015/11/16 9:00,725.855,764,0,0,0
2015/11/16 10:00,726.753,765,0,1,1
2015/11/16 11:00,741.28,539,0,0,0
2015/11/16 12:00,1015.824,536,2,2,0
2015/11/16 13:00,841.107,526,0,0,0
2015/11/16 14:00,912.606,526,0,0,0
2015/11/16 15:00,1030.313,527,0,0,0
2015/11/16 16:00,898.974,525,0,0,0
2015/11/16 17:00,882.364,517,0,0,0
2015/11/16 18:00,722.203,750,0,0,0
2015/11/16 19:00,764.594,756,0,0,0
2015/11/16 20:00,604.867,754,1,0,0
2015/11/16 21:00,598.81,756,0,0,0
2015/11/16 22:00,580.156,759,1,0,0
2015/11/16 23:00,677.808,760,0,2,1
2015/11/17 0:00,828.9,759,0,0,1
2015/11/17 1:00,869.633,759,0,0,0
2015/11/17 2:00,1001.728,759,0,0,0
2015/11/17 3:00,1003.683,760,2,0,0
2015/11/17 4:00,1091.589,755,4,2,1
2015/11/17 5:00,975.536,756,6,6,2
2015/11/17 6:00,1002.297,756,6,6,1
2015/11/17 7:00,1026.782,757,6,6,2
2015/11/17 8:00,975.731,1292,4,4,1
2015/11/17 9:00,897.563,1699,2,2,4
2015/11/17 10:00,957.293,1725,0,0,4
2015/11/17 11:00,1145.576,1723,0,0,3
2015/11/17 12:00,1056.375,1724,0,2,1
2015/11/17 13:00,1143.947,1722,0,0,0
2015/11/17 14:00,1238.513,1726,0,0,0
2015/11/17 15:00,1745.624,2104,0,0,0
2015/11/17 16:00,1846.081,2114,0,0,0
2015/11/17 17:00,1861.811,2409,2,0,0
2015/11/17 18:00,2371.912,2416,0,0,0
2015/11/17 19:00,2582.517,2414,2,0,0
2015/11/17 20:00,2786.328,2306,2,1,0
2015/11/17 21:00,2629.787,2494,6,3,0
2015/11/17 22:00,2799.054,2543,4,0,0
2015/11/17 23:00,3144.16,2547,4,2,0
2015/11/18 0:00,3129.752,2953,0,0,0
2015/11/18 1:00,3215.165,2949,2,0,0
2015/11/18 2:00,3271.007,2935,0,0,0
2015/11/18 3:00,3417.33,2824,0,0,0
2015/11/18 4:00,3550.01,2832,0,0,0
2015/11/18 5:00,3511.095,2833,0,0,0
2015/11/18 6:00,3565.769,2942,0,0,0
2015/11/18 7:00,3606.445,3104,0,0,0
2015/11/18 8:00,3730.58,2926,0,0,0
2015/11/18 9:00,3779.265,2935,0,0,0
2015/11/18 10:00,3744.325,2943,0,0,0
2015/11/18 11:00,3697.046,2933,0,0,0
2015/11/18 12:00,3760.87,2699,0,0,0
2015/11/18 13:00,3724.334,2697,0,0,1
2015/11/18 14:00,3775.535,2692,0,0,0
2015/11/18 15:00,3805.549,2447,0,0,0
2015/11/18 16:00,3821.706,2274,0,0,0
2015/11/18 17:00,3854.482,2265,0,0,0
2015/11/18 18:00,3826.532,2390,0,0,0
2015/11/18 19:00,3929.356,2386,0,0,0
2015/11/18 20:00,3911.447,2211,0,1,0
2015/11/18 21:00,3817.044,2154,0,0,0
2015/11/18 22:00,3853.05,2150,0,0,0
2015/11/18 23:00,3891.017,2145,0,0,0
2015/11/19 0:00,3837.177,2023,0,0,0
2015/11/19 1:00,3601.015,1850,0,0,0
2015/11/19 2:00,3365.16,1843,0,0,0
2015/11/19 3:00,3266.129,1593,0,0,0
2015/11/19 4:00,3351.564,1597,0,0,0
2015/11/19 5:00,3114.903,1781,0,0,0
2015/11/19 6:00,2989.746,1558,0,0,0
2015/11/19 7:00,2922.31,1446,0,0,0
2015/11/19 8:00,2846.809,1442,0,0,0
2015/11/19 9:00,2793.39,1366,0,0,0
2015/11/19 10:00,2368.774,1383,0,0,0
2015/11/19 11:00,2291.639,1299,0,0,0
2015/11/19 12:00,2172.84,1267,0,0,0
2015/11/19 13:00,2199.667,1260,0,0,0
2015/11/19 14:00,2177.985,1261,0,0,0
2015/11/19 15:00,2003.937,1264,0,0,0
2015/11/19 16:00,2012.165,1171,0,0,0
2015/11/19 17:00,1877.916,1165,0,3,0
2015/11/19 18:00,1811.257,1167,0,0,0
2015/11/19 19:00,1653.354,1168,0,0,0
2015/11/19 20:00,1610.311,1034,0,1,1
2015/11/19 21:00,1639.145,1035,0,0,0
2015/11/19 22:00,1751.611,1104,3,0,1
2015/11/19 23:00,1889.716,1103,0,0,3
2015/11/20 0:00,1991.748,1104,0,0,3
2015/11/20 1:00,1797.601,1102,0,1,3
2015/11/20 2:00,1682.422,964,2,2,0
2015/11/20 3:00,1615.818,963,0,0,0
2015/11/20 4:00,1594.914,963,0,0,0
2015/11/20 5:00,1480.461,1061,0,0,0
2015/11/20 6:00,1371.268,1099,0,0,0
2015/11/20 7:00,1599.296,1098,0,2,0
2015/11/20 8:00,1574.547,938,10,2,0
2015/11/20 9:00,1477.762,738,2,0,0
2015/11/20 10:00,1229.484,815,0,2,0
2015/11/20 11:00,1303.812,1014,0,0,0
2015/11/20 12:00,1377.786,1021,0,0,0
2015/11/20 13:00,1345.946,1020,0,0,0
2015/11/20 14:00,1423.345,1020,0,0,0
2015/11/20 15:00,1459.265,1019,0,0,0
2015/11/20 16:00,1456.153,1022,0,0,0
2015/11/20 17:00,1388.555,1024,0,0,0
2015/11/20 18:00,1323.365,1023,0,0,0
2015/11/20 19:00,1257.993,890,0,0,0
2015/11/20 20:00,1257.444,890,0,0,0
2015/11/20 21:00,1321.587,893,0,0,0
2015/11/20 22:00,1456.956,1027,0,0,0
2015/11/20 23:00,1622.903,1095,0,0,0
2015/11/21 0:00,1511.397,1096,0,0,0
2015/11/21 1:00,1366.305,1228,0,0,0
2015/11/21 2:00,1332.84,1362,0,0,0
2015/11/21 3:00,1372.581,1365,0,0,0
2015/11/21 4:00,1343.483,1363,0,0,0
2015/11/21 5:00,1281.674,1234,0,0,0
2015/11/21 6:00,1383.394,1301,0,0,0
2015/11/21 7:00,1620.288,1433,0,0,0
2015/11/21 8:00,1650.312,1560,0,0,0
2015/11/21 9:00,1610.891,1666,0,0,0
2015/11/21 10:00,1702.381,1835,0,0,0
2015/11/21 11:00,1666.028,1834,0,0,0
2015/11/21 12:00,1676.291,1832,0,0,0
2015/11/21 13:00,1649.752,1830,0,0,0
2015/11/21 14:00,1718.367,1831,0,0,0
2015/11/21 15:00,1913.083,1833,0,0,0
2015/11/21 16:00,1913.249,1829,0,0,0
2015/11/21 17:00,1913.249,1824.389507,0,0,0
2015/11/21 18:00,1913.249,1820.100577,0,0,0
2015/11/21 19:00,1913.249,1816.165715,0,0,0
2015/11/21 20:00,1913.249,1812.584922,0,0,0
2015/11/21 21:00,1913.249,1809.358197,0,0,0
2015/11/21 22:00,1913.249,1797.930417,0,0,0
2015/11/21 23:00,1913.249,1769.746457,0,0,0
2015/11/22 0:00,1913.249,1724.806316,0,0,0
2015/11/22 1:00,1913.249,1663.109996,0,0,0
2015/11/22 2:00,2488.738,1585,0,0,0
2015/11/22 3:00,2476.466,1515,0,0,0
2015/11/22 4:00,2523.873,1578,0,0,0
2015/11/22 5:00,2343.203,1570,0,0,0
2015/11/22 6:00,2232.891,1442,0,0,0
2015/11/22 7:00,2162.729,1440,0,0,0
2015/11/22 8:00,2005.66,1376,0,0,0
2015/11/22 9:00,1951.753,1373,0,0,0
2015/11/22 10:00,1781,1269,0,0,0
2015/11/22 11:00,1820.04,1269,0,0,0
2015/11/22 12:00,1865.879,1107,0,0,0
2015/11/22 13:00,1870.825,1111,0,0,0
2015/11/22 14:00,1909.958,1178,0,0,0
2015/11/22 15:00,1846.216,1240,0,0,0
2015/11/22 16:00,1781.596,1233,0,0,0
2015/11/22 17:00,1716.214,1046,0,0,0
2015/11/22 18:00,1586.081,1041,0,0,0
2015/11/22 19:00,1520.782,1163,0,0,0
2015/11/22 20:00,1520.03,1031,0,0,0
2015/11/22 21:00,1454.472,969,0,0,0
2015/11/22 22:00,1486.969,969,0,0,0
2015/11/22 23:00,1501.476,1035,0,0,0
2015/11/23 0:00,1610.633,1034,0,0,0
2015/11/23 1:00,1453.671,1021,0,0,0
2015/11/23 2:00,1454.765,1090,0,0,0
2015/11/23 3:00,1485.434,1089,0,0,0
2015/11/23 4:00,1489.728,954,0,0,0
2015/11/23 5:00,1383.854,932,0,0,0
2015/11/23 6:00,1220.845,912,0,0,0
2015/11/23 7:00,1399.598,908,0,0,0
2015/11/23 8:00,1135.961,903,0,1,0
2015/11/23 9:00,1105.293,1069,0,0,0
2015/11/23 10:00,1067.441,1157,0,0,0
2015/11/23 11:00,1158.028,959,0,0,0
2015/11/23 12:00,1146.575,778,0,0,0
2015/11/23 13:00,1124.432,749,0,0,0
2015/11/23 14:00,1257.61,786,0,0,0
2015/11/23 15:00,1322.735,729,0,0,0
2015/11/23 16:00,1388.048,730,0,0,0
2015/11/23 17:00,1258.287,743,0,0,0
2015/11/23 18:00,1257.617,747,1,0,0
2015/11/23 19:00,1127.386,746,0,0,0
2015/11/23 20:00,1126.663,745,0,0,0
2015/11/23 21:00,1061.709,747,0,0,0
2015/11/23 22:00,865.922,775,0,0,0
2015/11/23 23:00,874.272,817,0,0,0
2015/11/24 0:00,985.342,754,0,0,0
2015/11/24 1:00,998.508,735,0,0,0
2015/11/24 2:00,1020.682,735,0,0,0
2015/11/24 3:00,929.886,735,0,0,0
2015/11/24 4:00,1024.459,736,0,0,0
2015/11/24 5:00,1122.274,739,0,0,1
2015/11/24 6:00,967.174,740,0,0,0
2015/11/24 7:00,978.194,738,0,0,0
2015/11/24 8:00,893.136,700,1,0,0
2015/11/24 9:00,920.624,658,0,0,0
2015/11/24 10:00,828.907,738,0,0,0
2015/11/24 11:00,789.405,743,0,0,0
2015/11/24 12:00,835.572,746,0,0,0
2015/11/24 13:00,878.222,748,0,0,0
2015/11/24 14:00,878.364,750,0,0,0
2015/11/24 15:00,878.364,772.3095519,0,0,0
2015/11/24 16:00,878.364,801.7557284,0,0,0
2015/11/24 17:00,813.587,746,0,0,2
2015/11/24 18:00,813.628,637,2,2,0
2015/11/24 19:00,813.752,738,0,0,1
2015/11/24 20:00,943.386,738,1,2,0
2015/11/24 21:00,943.499,740,1,0,0
2015/11/24 22:00,1005.976,743,0,0,0
2015/11/24 23:00,1003.816,745,0,0,0
2015/11/25 0:00,1067.282,742,0,0,0
2015/11/25 1:00,1152.037,661,0,0,0
2015/11/25 2:00,1099.045,661,0,0,0
2015/11/25 3:00,1031.163,663,0,0,0
2015/11/25 4:00,1126.776,665,0,0,0
2015/11/25 5:00,1213.497,655,0,0,0
2015/11/25 6:00,1048.737,653,0,0,0
2015/11/25 7:00,1035.899,653,0,0,0
2015/11/25 8:00,814.266,654,0,0,0
2015/11/25 9:00,817.371,653,0,0,0
2015/11/25 10:00,724.316,643.9229479,0,0,0
2015/11/25 11:00,704.581,658,0,0,0
2015/11/25 12:00,805.983,712,0,0,0
2015/11/25 13:00,669.377,715,0,0,0
2015/11/25 14:00,879.339,717,0,0,0
2015/11/25 15:00,879.46,716,0,0,0
2015/11/25 16:00,944.383,718,0,0,0
2015/11/25 17:00,814.971,718,0,0,0
2015/11/25 18:00,815.125,717,0,0,0
2015/11/25 19:00,879.833,735,0,0,0
2015/11/25 20:00,879.748,735,0,0,0
2015/11/25 21:00,944.561,732,0,0,0
2015/11/25 22:00,879.786,733,0,0,0
2015/11/25 23:00,870.769,737,0,0,0
2015/11/26 0:00,1080.422,737,0,0,0
2015/11/26 1:00,1116.959,740,0,0,0
2015/11/26 2:00,1151.776,738,0,0,0
2015/11/26 3:00,925.4,739,0,0,0
2015/11/26 4:00,988.568,740,0,0,0
2015/11/26 5:00,1006.677,738,0,0,0
2015/11/26 6:00,860.601,739,0,0,0
2015/11/26 7:00,767.078,738,0,0,0
2015/11/26 8:00,672.926,743,0,0,0
2015/11/26 9:00,1001.221,743,0,0,0
2015/11/26 10:00,891.986,641,0,0,0
2015/11/26 11:00,1038.665,634,0,0,0
2015/11/26 12:00,936.944,627,0,0,0
2015/11/26 13:00,970.172,630,0,0,0
2015/11/26 14:00,1027.172,630,0,0,0
2015/11/26 15:00,952.197,628,0,0,0
2015/11/26 16:00,1009.71,626,0,0,0
2015/11/26 17:00,884.809,626,0,0,0
2015/11/26 18:00,869.315,626,0,0,0
2015/11/26 19:00,898.126,703,0,0,0
2015/11/26 20:00,901.875,736,0,0,0
2015/11/26 21:00,811.226,738,0,0,0
2015/11/26 22:00,736.148,741,0,0,0
2015/11/26 23:00,763.349,741,0,0,0
2015/11/27 0:00,842.59,746,0,0,0
2015/11/27 1:00,829.323,541,0,0,0
2015/11/27 2:00,958.151,598,0,0,0
2015/11/27 3:00,1049.016,599,0,0,0
2015/11/27 4:00,1053.475,596,0,0,0
2015/11/27 5:00,1125.036,604,0,0,0
2015/11/27 6:00,969.679,603,0,0,0
2015/11/27 7:00,856.775,601,0,0,0
2015/11/27 8:00,657.444,601,0,0,0
2015/11/27 9:00,555.826,599,0,0,0
2015/11/27 10:00,664.369,596,0,0,0
2015/11/27 11:00,641.83,646,0,0,0
2015/11/27 12:00,748.717,647,0,0,0
2015/11/27 13:00,789.121,647,0,0,0
2015/11/27 14:00,779.591,647,0,0,0
2015/11/27 15:00,836.464,648,0,0,0
2015/11/27 16:00,768.929,648,0,0,0
2015/11/27 17:00,708.364,646,0,0,0
2015/11/27 18:00,767.57,514,0,0,0
2015/11/27 19:00,770.164,517,0,0,0
2015/11/27 20:00,866.874,518,0,0,0
2015/11/27 21:00,818.894,520,0,0,0
2015/11/27 22:00,894.998,520,0,0,0
2015/11/27 23:00,848.247,520,0,0,0
2015/11/28 0:00,863.896,521,0,0,1
2015/11/28 1:00,787.455,435,0,0,1
2015/11/28 2:00,758.545,434,0,2,1
2015/11/28 3:00,831.739,434,2,0,0
2015/11/28 4:00,819.795,435,0,0,1
2015/11/28 5:00,801.133,429,0,0,1
2015/11/28 6:00,730.282,426,0,0,0
2015/11/28 7:00,741.96,425,0,0,0
2015/11/28 8:00,542.664,422,0,1,0
2015/11/28 9:00,613.137,421,0,0,0
2015/11/28 10:00,504.417,460,0,0,0
2015/11/28 11:00,519.596,640,0,0,0
2015/11/28 12:00,473.888,642,0,0,0
2015/11/28 13:00,650.74,645,0,0,0
2015/11/28 14:00,734.319,647,0,0,0
2015/11/28 15:00,614.834,647,0,0,0
2015/11/28 16:00,374.483,648,0,0,0
2015/11/28 17:00,562.747,646,0,0,0
2015/11/28 18:00,596.659,647,0,0,0
2015/11/28 19:00,563.826,626,0,0,0
2015/11/28 20:00,724.163,628,0,0,0
2015/11/28 21:00,678.28,629,0,0,0
2015/11/28 22:00,1024.181,628,0,0,0
2015/11/28 23:00,876.727,629,0,0,0
2015/11/29 0:00,842.445,628,0,0,0
2015/11/29 1:00,962.146,542,0,0,0
2015/11/29 2:00,933.608,545,0,0,0
2015/11/29 3:00,1005.447,545,0,0,0
2015/11/29 4:00,871.944,545,0,0,0
2015/11/29 5:00,873.721,546,0,0,0
2015/11/29 6:00,912.755,545,0,0,0
2015/11/29 7:00,766.053,542,0,0,0
2015/11/29 8:00,678.418,540,0,0,0
2015/11/29 9:00,610.947,541,0,0,0
2015/11/29 10:00,709.518,650,0,0,0
2015/11/29 11:00,606.068,649,0,0,0
2015/11/29 12:00,601.213,649,0,0,0
2015/11/29 13:00,583.233,648,0,0,0
2015/11/29 14:00,621.965,649,0,0,0
2015/11/29 15:00,722.509,649,0,0,0
2015/11/29 16:00,713.37,649,0,0,0
2015/11/29 17:00,843.627,650,0,0,0
2015/11/29 18:00,818.596,648,0,0,0
2015/11/29 19:00,811.917,649,0,0,0
2015/11/29 20:00,795.746,648,0,0,0
2015/11/29 21:00,813.939,648,0,0,0
2015/11/29 22:00,781.059,649,0,0,0
2015/11/29 23:00,785.48,649,0,0,0
2015/11/30 0:00,959.288,650,0,0,0
2015/11/30 1:00,1023.75,600,0,0,0
2015/11/30 2:00,1028.271,599,0,0,0
2015/11/30 3:00,855.901,598,0,0,0
2015/11/30 4:00,883.986,599,0,0,0
2015/11/30 5:00,874.959,599,0,0,0
2015/11/30 6:00,748.373,599,0,0,0
2015/11/30 7:00,730.87,598,0,0,0
2015/11/30 8:00,714.887,599,0,0,0
2015/11/30 9:00,791.898,599,0,0,0
2015/11/30 10:00,672.391,598,0,0,0
2015/11/30 11:00,622.799,598,0,0,0
2015/11/30 12:00,639.187,600,0,0,0
2015/11/30 13:00,706.627,600,0,0,0
2015/11/30 14:00,710.136,605,0,0,0
2015/11/30 15:00,697.963,605,0,0,0
2015/11/30 16:00,753.817,604,0,0,0
2015/11/30 17:00,694.949,605,0,0,0
2015/11/30 18:00,691.863,525,0,0,0
2015/11/30 19:00,574.721,524,0,0,0
2015/11/30 20:00,647.411,525,0,0,0
2015/11/30 21:00,733.428,525,0,0,0
2015/11/30 22:00,746.488,525,0,0,0
2015/11/30 23:00,821.139,526,0,0,0
2015/12/1 0:00,865.514,516,0,0,0
2015/12/1 1:00,913.119,515,0,0,0
2015/12/1 2:00,866.094,514,0,0,0
2015/12/1 3:00,799.618,515,0,0,0
2015/12/1 4:00,750.168,515,0,0,0
2015/12/1 5:00,676.051,515,0,0,0
2015/12/1 6:00,653.002,514,0,0,0
2015/12/1 7:00,619.333,514,0,0,0
2015/12/1 8:00,598.594,515,0,0,0
2015/12/1 9:00,625.074,517,0,0,0
2015/12/1 10:00,579.561,515,0,0,0
2015/12/1 11:00,599.673,518,0,0,0
2015/12/1 12:00,602.863,517,1,0,0
2015/12/1 13:00,687.883,556,0,0,0
2015/12/1 14:00,662.736,647,0,0,2
2015/12/1 15:00,656.638,647,0,0,0
2015/12/1 16:00,754.055,646,0,0,0
2015/12/1 17:00,679.209,662,0,1,0
2015/12/1 18:00,549.413,717,2,0,1
2015/12/1 19:00,532.828,724,2,0,0
2015/12/1 20:00,715.234,722,3,2,0
2015/12/1 21:00,711.495,734,3,2,0
2015/12/1 22:00,724.683,733,4,4,1
2015/12/1 23:00,896.608,737,2,2,0
2015/12/2 0:00,1113.081,740,2,2,1
2015/12/2 1:00,1103.308,533,4,4,1
2015/12/2 2:00,1017.324,531,0,2,0
2015/12/2 3:00,930.146,531,2,0,0
2015/12/2 4:00,969.666,532,0,0,1
2015/12/2 5:00,956.873,531,0,0,0
2015/12/2 6:00,840.111,531,0,0,0
2015/12/2 7:00,879.934,531,0,0,0
2015/12/2 8:00,820.346,532,0,1,0
2015/12/2 9:00,824.781,531,0,0,0
2015/12/2 10:00,737.67,533,0,0,0
2015/12/2 11:00,809.724,535,0,1,0
2015/12/2 12:00,812.619,400,0,0,0
2015/12/2 13:00,889.288,365,0,0,0
2015/12/2 14:00,845.736,366,0,0,0
2015/12/2 15:00,1038.123,367,0,0,0
2015/12/2 16:00,944.448,363,0,0,0
2015/12/2 17:00,711.494,357,0,0,0
2015/12/2 18:00,726.227,443,0,0,0
2015/12/2 19:00,519.703,557,0,0,0
2015/12/2 20:00,597.49,669,0,0,0
2015/12/2 21:00,489.646,629,0,0,0
2015/12/2 22:00,614.743,615,0,0,0
2015/12/2 23:00,758.034,616,0,0,0
2015/12/3 0:00,720.763,596,0,0,0
2015/12/3 1:00,718.051,617,0,0,0
2015/12/3 2:00,852.348,730,0,0,0
2015/12/3 3:00,867.848,668,0,0,0
2015/12/3 4:00,963.989,667,0,0,0
2015/12/3 5:00,898.16,666,0,0,0
2015/12/3 6:00,957.599,670,0,0,0
2015/12/3 7:00,1082.684,668,0,0,0
2015/12/3 8:00,886.444,668,0,0,0
2015/12/3 9:00,914.595,668,0,0,0
2015/12/3 10:00,896.62,723,0,0,0
2015/12/3 11:00,1001.374,723,0,0,0
2015/12/3 12:00,980.172,729,0,0,0
2015/12/3 13:00,954.191,728,0,0,0
2015/12/3 14:00,924.806,729,0,0,0
2015/12/3 15:00,998.936,729,0,0,0
2015/12/3 16:00,994.811,730,0,0,0
2015/12/3 17:00,788.83,729,0,0,0
2015/12/3 18:00,685.09,745,0,0,0
2015/12/3 19:00,792.564,745,0,0,0
2015/12/3 20:00,1001.167,744,0,0,0
2015/12/3 21:00,1016.155,750,0,0,0
2015/12/3 22:00,928.275,751,0,0,0
2015/12/3 23:00,1100.522,749,0,0,0
2015/12/4 0:00,1317.793,753,0,0,0
2015/12/4 1:00,1136.933,755,0,0,0
2015/12/4 2:00,1108.558,756,1,0,0
2015/12/4 3:00,983.76,757,0,0,0
2015/12/4 4:00,1093.553,630,0,0,0
2015/12/4 5:00,1087.325,629,0,0,1
2015/12/4 6:00,994.995,624,0,0,1
2015/12/4 7:00,1055.39,624,0,0,1
2015/12/4 8:00,957.279,674,1,2,0
2015/12/4 9:00,1057.038,677,1,0,2
2015/12/4 10:00,1024.799,679,0,0,0
2015/12/4 11:00,795.998,677,0,0,1
2015/12/4 12:00,779.802,571,0,0,1
2015/12/4 13:00,796.935,569,0,2,0
2015/12/4 14:00,855.776,569,0,0,1
2015/12/4 15:00,801.316,563,0,2,0
2015/12/4 16:00,919.792,565,0,0,0
2015/12/4 17:00,1072.947,572,2,0,0
2015/12/4 18:00,1093.027,673,0,2,1
2015/12/4 19:00,960.961,674,0,0,0
2015/12/4 20:00,923.987,674,2,2,1
2015/12/4 21:00,777.22,674,2,2,1
2015/12/4 22:00,637.863,672,2,2,1
2015/12/4 23:00,792.111,674,2,2,1
2015/12/5 0:00,944.099,674,2,2,1
2015/12/5 1:00,1002.149,678,2,2,1
2015/12/5 2:00,1023.449,675,4,4,2
2015/12/5 3:00,1100.49,676,2,6,4
2015/12/5 4:00,1196.209,676,4,4,1
2015/12/5 5:00,1206.07,675,4,2,3
2015/12/5 6:00,1135.462,678,4,2,1
2015/12/5 7:00,1306.215,679,2,2,1
2015/12/5 8:00,1328.327,694,2,4,2
2015/12/5 9:00,1371.857,752,4,0,2
2015/12/5 10:00,1355.408,748,0,2,1
2015/12/5 11:00,1487.513,839,0,2,2
2015/12/5 12:00,1557.905,1578,0,2,2
2015/12/5 13:00,1690.852,1535,2,2,1
2015/12/5 14:00,1781.672,1406,2,0,1
2015/12/5 15:00,1918.258,1415,0,0,0
2015/12/5 16:00,2112.892,1766,0,0,0
2015/12/5 17:00,2177.704,1971,0,0,0
2015/12/5 18:00,2372.059,2289,0,0,0
2015/12/5 19:00,2436.833,2292,0,0,0
2015/12/5 20:00,2696.084,2299,1,1,0
2015/12/5 21:00,2825.806,2552,0,0,0
2015/12/5 22:00,3020.03,2620,0,0,0
2015/12/5 23:00,3211.079,2968,0,0,0
2015/12/6 0:00,3393.854,2956,0,0,0
2015/12/6 1:00,3425.746,2902,0,0,0
2015/12/6 2:00,3441.226,3146,0,0,0
2015/12/6 3:00,3684.145,3151,0,0,0
2015/12/6 4:00,3806.447,3253,0,0,0
2015/12/6 5:00,3916.575,3336,0,0,0
2015/12/6 6:00,3881.543,3357,0,0,0
2015/12/6 7:00,4129.922,3451,0,0,0
2015/12/6 8:00,4110.658,3348,0,0,0
2015/12/6 9:00,4254.607,3145,0,0,0
2015/12/6 10:00,4196.482,3159,0,0,0
2015/12/6 11:00,4220.08,3324,0,0,0
2015/12/6 12:00,4267.736,3229,0,0,0
2015/12/6 13:00,4312.594,2952,0,0,0
2015/12/6 14:00,4511.975,3073,0,0,0
2015/12/6 15:00,4450.104,2892,0,0,0
2015/12/6 16:00,4451.952,2866,0,0,0
2015/12/6 17:00,4452.23,2853,0,0,0
2015/12/6 18:00,4452.473,2386,0,0,0
2015/12/6 19:00,4582.135,2281,0,0,0
2015/12/6 20:00,4322.84,2286,0,0,0
2015/12/6 21:00,4190.479,2510,0,0,0
2015/12/6 22:00,4187.467,2280,0,0,0
2015/12/6 23:00,3990.054,2158,0,0,0
2015/12/7 0:00,3792.534,2151,0,0,0
2015/12/7 1:00,3335.934,2163,0,0,0
2015/12/7 2:00,3333.058,1985,0,0,0
2015/12/7 3:00,3268.003,1787,0,0,0
2015/12/7 4:00,3073.367,1713,0,0,0
2015/12/7 5:00,3073.252,1712,0,0,0
2015/12/7 6:00,2943.717,1715,0,0,0
2015/12/7 7:00,2943.621,1716,0,0,0
2015/12/7 8:00,2878.528,1713,0,0,0
2015/12/7 9:00,2748.609,1454,0,0,0
2015/12/7 10:00,2619.02,1399.74625,0,0,0
2015/12/7 11:00,2424.45,1462,0,0,0
2015/12/7 12:00,2424.28,1459,0,0,0
2015/12/7 13:00,2294.423,1322,0,0,0
2015/12/7 14:00,2294.46,1324,0,0,0
2015/12/7 15:00,2164.941,1322,0,0,0
2015/12/7 16:00,2164.91,1378,0,0,0
2015/12/7 17:00,2100.099,1262,0,0,0
2015/12/7 18:00,2035.2,1279,0,0,0
2015/12/7 19:00,1970.509,1647,0,0,0
2015/12/7 20:00,1840.613,1178,0,0,0
2015/12/7 21:00,1840.321,1220,0,0,0
2015/12/7 22:00,1710.412,1217,0,0,0
2015/12/7 23:00,1775.241,1218,0,0,0
2015/12/8 0:00,1710.385,1017,0,0,0
2015/12/8 1:00,1710.246,1020,0,0,0
2015/12/8 2:00,1645.504,1019,0,0,0
2015/12/8 3:00,1645.775,1020,0,0,0
2015/12/8 4:00,1710.878,1090,0,0,0
2015/12/8 5:00,1646.039,1155,0,0,0
2015/12/8 6:00,1645.992,1085,0,0,0
2015/12/8 7:00,1516.389,1023,0,0,0
2015/12/8 8:00,1516.485,1022,0,0,0
2015/12/8 9:00,1451.587,1021,0,0,0
2015/12/8 10:00,1451.348,829,0,0,0
2015/12/8 11:00,1451.164,816,0,0,0
2015/12/8 12:00,1451.17,873,0,0,0
2015/12/8 13:00,1516.061,938,0,0,0
2015/12/8 14:00,1451.132,940,0,0,0
2015/12/8 15:00,1451.01,943,0,0,0
2015/12/8 16:00,1386.25,943,0,0,0
2015/12/8 17:00,1256.726,891,0,0,0
2015/12/8 18:00,1127.048,821,0,0,0
2015/12/8 19:00,1126.803,820,0,0,0
2015/12/8 20:00,1256.343,819,0,0,0
2015/12/8 21:00,1256.461,819,0,0,0
2015/12/8 22:00,1256.389,887,0,0,0
2015/12/8 23:00,1321.087,884,0,0,0
2015/12/9 0:00,1320.935,951,0,0,0
2015/12/9 1:00,1256.176,857,0,0,0
2015/12/9 2:00,1191.426,859,0,0,0
2015/12/9 3:00,1126.381,817,1,0,0
2015/12/9 4:00,1126.244,815,2,3,0
2015/12/9 5:00,1191.073,813,4,2,0
2015/12/9 6:00,1255.979,815,0,0,0
2015/12/9 7:00,1320.696,812,0,0,0
2015/12/9 8:00,1255.716,814,1,1,0
2015/12/9 9:00,1255.708,820,0,0,0
2015/12/9 10:00,1255.801,819,0,0,0
2015/12/9 11:00,1190.826,817,0,0,0
2015/12/9 12:00,1126.392,887,0,0,0
2015/12/9 13:00,1127.137,887,0,0,0
2015/12/9 14:00,1128.035,887,0,0,0
2015/12/9 15:00,1193.615,888,0,0,0
2015/12/9 16:00,1194.125,890,0,0,0
2015/12/9 17:00,1194.079,915,0,0,0
2015/12/9 18:00,1193.466,1020,0,0,0
2015/12/9 19:00,1192.501,1026,0,0,0
2015/12/9 20:00,1191.419,1024,0,0,0
2015/12/9 21:00,1190.396,1021,0,0,0
2015/12/9 22:00,1189.733,1025,0,0,0
2015/12/9 23:00,1189.675,1126,0,0,0
2015/12/10 0:00,1319.21,1160,0,0,0
2015/12/10 1:00,1319.109,1157,0,0,0
2015/12/10 2:00,1383.974,1155,0,0,0
2015/12/10 3:00,1384.096,1075,0,0,0
2015/12/10 4:00,1448.798,1077,0,0,0
2015/12/10 5:00,1448.775,1075,0,0,0
2015/12/10 6:00,1448.72,1077,0,0,0
2015/12/10 7:00,1448.835,1083,0,0,0
2015/12/10 8:00,1513.61,1087,0,0,0
2015/12/10 9:00,1513.466,967,0,0,0
2015/12/10 10:00,1448.536,896,0,0,0
2015/12/10 11:00,1448.421,960,0,0,0
2015/12/10 12:00,1448.493,963,0,0,0
2015/12/10 13:00,1449.221,960,0,0,0
2015/12/10 14:00,1385.161,963,0,0,0
2015/12/10 15:00,1385.287,965,0,0,0
2015/12/10 16:00,1320.63,1027,0,0,0
2015/12/10 17:00,1320.729,1027,0,0,0
2015/12/10 18:00,1255.875,1026,0,0,0
2015/12/10 19:00,1255.051,782,0,0,0
2015/12/10 20:00,1254.358,744,0,0,0
2015/12/10 21:00,1254.356,745,0,0,0
2015/12/10 22:00,1383.91,745,0,0,0
2015/12/10 23:00,1383.865,741,0,0,0
2015/12/11 0:00,1319.146,735,0,0,0
2015/12/11 1:00,1254.404,740,0,0,0
2015/12/11 2:00,1189.489,870,0,0,0
2015/12/11 3:00,1124.503,872,0,0,0
2015/12/11 4:00,994.764,872,0,0,0
2015/12/11 5:00,929.96,937,0,0,0
2015/12/11 6:00,994.615,936,0,0,0
2015/12/11 7:00,994.343,870,0,0,0
2015/12/11 8:00,1058.952,870,0,0,0
2015/12/11 9:00,1123.696,818,0,0,0
2015/12/11 10:00,1188.481,748,0,0,0
2015/12/11 11:00,1188.328,741,0,0,0
2015/12/11 12:00,1123.392,743,0,0,0
2015/12/11 13:00,1123.438,740,0,0,0
2015/12/11 14:00,1123.538,738,0,0,0
2015/12/11 15:00,1058.658,743,0,0,0
2015/12/11 16:00,993.765,746,0,0,0
2015/12/11 17:00,993.876,718,0,0,0
2015/12/11 18:00,1058.923,657,0,0,0
2015/12/11 19:00,1059.153,657,0,0,0
2015/12/11 20:00,994.652,658,0,0,0
2015/12/11 21:00,995.055,643,0,0,0
2015/12/11 22:00,995.385,625,0,0,0
2015/12/11 23:00,995.714,623,0,0,0
2015/12/12 0:00,931.12,625,0,0,0
2015/12/12 1:00,931.233,709,0,0,0
2015/12/12 2:00,866.937,710,0,0,1
2015/12/12 3:00,932.477,711,0,0,0
2015/12/12 4:00,868.579,709,1,1,1
2015/12/12 5:00,869.577,709,0,0,0
2015/12/12 6:00,870.531,710,0,0,1
2015/12/12 7:00,871.527,617,0,0,0
2015/12/12 8:00,936.756,553,1,2,1
2015/12/12 9:00,936.899,702,3,0,2
2015/12/12 10:00,1001.796,705,2,2,2
2015/12/12 11:00,1001.79,707,0,0,1
2015/12/12 12:00,1001.664,704,0,0,1
2015/12/12 13:00,936.822,705,0,0,0
2015/12/12 14:00,936.707,705,0,0,0
2015/12/12 15:00,872.253,733,0,0,1
2015/12/12 16:00,873.377,733,0,0,1
2015/12/12 17:00,874.296,717,2,2,1
2015/12/12 18:00,939.769,719,0,0,0
2015/12/12 19:00,1004.732,743,2,0,1
2015/12/12 20:00,1005.064,746,1,2,0
2015/12/12 21:00,1004.924,749,1,2,0
2015/12/12 22:00,1004.064,752,0,0,0
2015/12/12 23:00,1068.089,751,0,2,0
2015/12/13 0:00,1002.918,754,0,0,0
2015/12/13 1:00,1068.548,667,0,0,0
2015/12/13 2:00,1069.639,660,0,0,0
2015/12/13 3:00,1070.933,639,0,0,0
2015/12/13 4:00,1136.989,636,0,0,0
2015/12/13 5:00,1073.4,636,0,0,0
2015/12/13 6:00,1139.374,666,2,2,1
2015/12/13 7:00,1056.102,747,2,0,1
2015/12/13 8:00,991.229,748,0,2,2
2015/12/13 9:00,990.881,750,0,0,0
2015/12/13 10:00,924.973,754,0,0,1
2015/12/13 11:00,923.941,754,0,0,0
2015/12/13 12:00,922.871,754,0,0,0
2015/12/13 13:00,940.906,752,0,0,0
2015/12/13 14:00,1069.782,752,0,0,0
2015/12/13 15:00,1134.889,750,0,0,0
2015/12/13 16:00,1135.958,757,0,0,0
2015/12/13 17:00,1136.914,759,0,0,0
2015/12/13 18:00,1138.201,758,0,0,0
2015/12/13 19:00,1204.032,758,0,0,0
2015/12/13 20:00,1205.037,758,0,1,0
2015/12/13 21:00,1140.327,759,0,0,0
2015/12/13 22:00,1205.153,760,0,0,0
2015/12/13 23:00,1258.253,757,0,0,0
2015/12/14 0:00,1210.832,768,0,0,0
2015/12/14 1:00,1218.925,825,0,0,0
2015/12/14 2:00,1165.035,825,0,0,0
2015/12/14 3:00,1258.696,829,0,0,0
2015/12/14 4:00,1280.18,887,0,0,0
2015/12/14 5:00,1120.442,885,0,0,0
2015/12/14 6:00,1150.459,887,0,0,0
2015/12/14 7:00,1190.685,852,0,0,0
2015/12/14 8:00,1244.545,1030,0,0,0
2015/12/14 9:00,1151.02,959,0,0,0
2015/12/14 10:00,1064.717,893,0,0,0
2015/12/14 11:00,1301.019,890,0,0,0
2015/12/14 12:00,1253.476,888,0,0,0
2015/12/14 13:00,1205.188,890,0,0,0
2015/12/14 14:00,1205.251,890,0,0,0
2015/12/14 15:00,1205.17,893,0,0,0
2015/12/14 16:00,1269.987,888,0,0,0
2015/12/14 17:00,1140.371,762,0,0,0
2015/12/14 18:00,1205.059,762,0,0,0
2015/12/14 19:00,1204.933,757,0,0,0
2015/12/14 20:00,1204.861,879,0,0,0
2015/12/14 21:00,1204.751,879,0,0,0
2015/12/14 22:00,1139.912,758,0,0,0
2015/12/14 23:00,1200.69,758,0,0,1
2015/12/15 0:00,1375.719,748,0,0,0
2015/12/15 1:00,1360.606,734,0,0,0
2015/12/15 2:00,1282.343,736,0,0,0
2015/12/15 3:00,1272.534,737,0,0,0
2015/12/15 4:00,1313.53,738,0,0,0
2015/12/15 5:00,1327.402,874,1,0,0
2015/12/15 6:00,1118.067,805,0,1,0
2015/12/15 7:00,970.362,805,0,0,0
2015/12/15 8:00,838.999,806,0,0,0
2015/12/15 9:00,910.402,737,0,0,0
2015/12/15 10:00,999.253,727,0,0,0
2015/12/15 11:00,989.598,746,0,0,0
2015/12/15 12:00,1024.034,745,0,0,0
2015/12/15 13:00,1122.154,744,0,0,0
2015/12/15 14:00,1202.27,745,0,0,0
2015/12/15 15:00,1140.957,745,0,0,0
2015/12/15 16:00,1011.282,746,0,0,0
2015/12/15 17:00,946.477,744,0,0,0
2015/12/15 18:00,881.763,745,0,0,0
2015/12/15 19:00,881.689,748,0,0,0
2015/12/15 20:00,946.566,747,0,0,0
2015/12/15 21:00,946.726,747,0,0,0
2015/12/15 22:00,947.101,747,0,0,0
2015/12/15 23:00,1031.19,746,0,0,0
2015/12/16 0:00,1161.731,743,0,0,0
2015/12/16 1:00,1296.284,657,0,0,0
2015/12/16 2:00,1315.152,659,0,0,0
2015/12/16 3:00,1265.252,657,0,0,0
2015/12/16 4:00,1278.193,655,0,0,0
2015/12/16 5:00,1146.084,715,0,0,0
2015/12/16 6:00,1055.643,740,0,0,0
2015/12/16 7:00,898.859,739,0,0,0
2015/12/16 8:00,852.188,742,0,0,0
2015/12/16 9:00,846.823,742,0,0,0
2015/12/16 10:00,881.649,709,0,0,0
2015/12/16 11:00,989.49,654,0,0,0
2015/12/16 12:00,1009.733,717,0,0,0
2015/12/16 13:00,1025.461,741,0,0,0
2015/12/16 14:00,993.873,741,0,0,0
2015/12/16 15:00,1048.205,742,0,0,0
2015/12/16 16:00,1017.407,745,0,0,0
2015/12/16 17:00,973.251,635,0,0,0
2015/12/16 18:00,815.777,631,0,0,0
2015/12/16 19:00,858.533,629,0,0,0
2015/12/16 20:00,954.075,630,0,0,0
2015/12/16 21:00,990.781,628,0,0,0
2015/12/16 22:00,944.789,631,0,0,0
2015/12/16 23:00,900.19,633,0,0,0
2015/12/17 0:00,1043.13,628,0,0,0
2015/12/17 1:00,1094.464,623,0,0,0
2015/12/17 2:00,1090.572,576,0,0,0
2015/12/17 3:00,1014.194,575,0,0,0
2015/12/17 4:00,984.537,572,0,0,0
2015/12/17 5:00,956.097,575,0,0,0
2015/12/17 6:00,866.094,574,0,0,0
2015/12/17 7:00,787.793,576,0,0,0
2015/12/17 8:00,592.071,577,0,0,0
2015/12/17 9:00,637.152,570,0,0,0
2015/12/17 10:00,745.879,650,0,0,0
2015/12/17 11:00,798.765,653,0,0,0
2015/12/17 12:00,838.852,652,0,0,0
2015/12/17 13:00,820.63,652,0,0,0
2015/12/17 14:00,1038.366,657,0,0,0
2015/12/17 15:00,1018.817,656,0,0,0
2015/12/17 16:00,904.496,658,0,0,0
2015/12/17 17:00,849.885,634,0,0,0
2015/12/17 18:00,860.607,554,0,0,0
2015/12/17 19:00,806.874,551,0,0,0
2015/12/17 20:00,784.352,552,0,0,0
2015/12/17 21:00,696.365,551,0,0,0
2015/12/17 22:00,821.676,552,0,0,0
2015/12/17 23:00,956.993,557,0,0,0
2015/12/18 0:00,995.016,559,0,0,0
2015/12/18 1:00,1002.12,559,0,0,0
2015/12/18 2:00,910.8,559,0,0,0
2015/12/18 3:00,959.026,551,0,0,0
2015/12/18 4:00,788.735,551,0,0,0
2015/12/18 5:00,731.354,549,0,0,0
2015/12/18 6:00,641.523,559,0,0,0
2015/12/18 7:00,776.828,549,0,0,0
2015/12/18 8:00,796.395,548,0,0,0
2015/12/18 9:00,807.001,513,0,0,0
2015/12/18 10:00,796.2,431,0,0,0
2015/12/18 11:00,672.717,429,0,0,0
2015/12/18 12:00,699.82,431,0,0,0
2015/12/18 13:00,833.272,432,0,0,0
2015/12/18 14:00,876.005,429,0,0,0
2015/12/18 15:00,855.989,433,0,0,0
2015/12/18 16:00,888.823,541,0,0,0
2015/12/18 17:00,771.015,541,0,0,0
2015/12/18 18:00,665.851,562,0,0,0
2015/12/18 19:00,387.552,625,0,0,0
2015/12/18 20:00,494.5,616,0,0,0
2015/12/18 21:00,564.877,600,0,0,0
2015/12/18 22:00,701.749,599,0,0,0
2015/12/18 23:00,783.314,599,0,0,0
2015/12/19 0:00,990.219,604,0,0,0
2015/12/19 1:00,987.107,383,0,0,0
2015/12/19 2:00,870.642,383,0,0,0
2015/12/19 3:00,794.965,384,0,0,0
2015/12/19 4:00,676.811,385,0,0,0
2015/12/19 5:00,817.093,379,0,0,0
2015/12/19 6:00,733.316,378,0,0,0
2015/12/19 7:00,737.142,378,0,0,0
2015/12/19 8:00,703.114,380,0,0,0
2015/12/19 9:00,549.86,380,0,0,0
2015/12/19 10:00,543.223,381,0,0,0
2015/12/19 11:00,513.685,425,0,0,0
2015/12/19 12:00,469.033,427,0,0,0
2015/12/19 13:00,468.032,428,0,0,0
2015/12/19 14:00,436.75,428,0,0,0
2015/12/19 15:00,573.392,428,0,0,0
2015/12/19 16:00,509.305,430,0,0,0
2015/12/19 17:00,467.671,429,0,0,0
2015/12/19 18:00,382.751,464,0,0,0
2015/12/19 19:00,415.055,563,0,0,0
2015/12/19 20:00,435.621,572,0,1,0
2015/12/19 21:00,454.886,571,0,0,0
2015/12/19 22:00,605.102,571,0,0,0
2015/12/19 23:00,597.949,576,0,0,0
2015/12/20 0:00,804.244,575,0,0,1
2015/12/20 1:00,771.831,378,0,0,1
2015/12/20 2:00,820.105,376,0,1,0
2015/12/20 3:00,818.379,377,0,0,0
2015/12/20 4:00,802.688,378,0,0,0
2015/12/20 5:00,815.79,378,0,0,0
2015/12/20 6:00,740.185,378,0,0,0
2015/12/20 7:00,736.756,382,0,0,0
2015/12/20 8:00,672.646,426,2,0,1
2015/12/20 9:00,644.711,426,0,2,0
2015/12/20 10:00,398.767,534,0,0,0
2015/12/20 11:00,418.325,540,0,0,0
2015/12/20 12:00,387.249,542,0,0,0
2015/12/20 13:00,533.617,543,0,0,0
2015/12/20 14:00,488.11,543,0,0,0
2015/12/20 15:00,530.951,552,0,0,0
2015/12/20 16:00,798.077,554,0,0,0
2015/12/20 17:00,793.688,552,0,0,0
2015/12/20 18:00,776.552,435,0,0,0
2015/12/20 19:00,665.182,435,0,0,0
2015/12/20 20:00,675.799,435,0,1,0
2015/12/20 21:00,690.275,438,0,0,0
2015/12/20 22:00,668.75,439,0,0,0
2015/12/20 23:00,759.609,438,0,0,0
2015/12/21 0:00,744.796,438,0,0,0
2015/12/21 1:00,694.943,379,0,0,0
2015/12/21 2:00,713.301,382,0,0,0
2015/12/21 3:00,668.422,381,0,0,0
2015/12/21 4:00,589.225,381,0,0,0
2015/12/21 5:00,529.94,379,0,0,0
2015/12/21 6:00,537.875,380,0,0,0
2015/12/21 7:00,526.175,382,0,0,0
2015/12/21 8:00,587.7,381,0,0,0
2015/12/21 9:00,628.717,380,0,0,0
2015/12/21 10:00,597.999,364,0,0,0
2015/12/21 11:00,563.902,379,0,0,0
2015/12/21 12:00,548.587,379,0,0,0
2015/12/21 13:00,513.668,379,0,0,0
2015/12/21 14:00,463.692,380,0,0,0
2015/12/21 15:00,422.644,379,0,0,0
2015/12/21 16:00,449.135,379,0,0,0
2015/12/21 17:00,436.421,379,0,0,0
2015/12/21 18:00,364.122,380,0,0,0
2015/12/21 19:00,421.176,379,0,0,0
2015/12/21 20:00,558.281,380,0,0,0
2015/12/21 21:00,547.238,379,0,0,0
2015/12/21 22:00,538.894,381,0,0,0
2015/12/21 23:00,554.989,381,0,0,0
2015/12/22 0:00,677.672,382,0,0,0
2015/12/22 1:00,667.211,328,0,0,0
2015/12/22 2:00,518.531,575,0,0,0
2015/12/22 3:00,526.194,508,0,0,0
2015/12/22 4:00,596.276,191,0,0,0
2015/12/22 5:00,554.88,190,0,0,0
2015/12/22 6:00,547.574,190,0,0,0
2015/12/22 7:00,540.336,317,0,0,0
2015/12/22 8:00,621.207,321,0,0,0
2015/12/22 9:00,675.52,348,0,0,0
2015/12/22 10:00,501.125,348,0,0,0
2015/12/22 11:00,406.012,387,0,0,0
2015/12/22 12:00,268.452,349,0,0,0
2015/12/22 13:00,359.248,346,0,0,0
2015/12/22 14:00,363.413,343,0,0,0
2015/12/22 15:00,399.666,344,0,0,0
2015/12/22 16:00,524.591,347,0,0,0
2015/12/22 17:00,586.548,363,0,0,0
2015/12/22 18:00,639.216,465,0,0,0
2015/12/22 19:00,572.234,595,0,0,0
2015/12/22 20:00,442.324,615,0,0,0
2015/12/22 21:00,462.146,657,0,0,0
2015/12/22 22:00,437.949,658,0,0,0
2015/12/22 23:00,570.07,671,0,0,0
2015/12/23 0:00,594.609,672,0,0,0
2015/12/23 1:00,700.422,166,0,0,0
2015/12/23 2:00,802.869,166,0,0,0
2015/12/23 3:00,753.439,166,0,0,0
2015/12/23 4:00,827.142,160,0,0,0
2015/12/23 5:00,857.842,161,0,0,0
2015/12/23 6:00,853.399,162,0,0,0
2015/12/23 7:00,658.955,162,0,0,0
2015/12/23 8:00,464.49,320,0,0,0
2015/12/23 9:00,399.831,366,0,0,0
2015/12/23 10:00,377.609,425,0,0,0
2015/12/23 11:00,313.407,427,0,0,0
2015/12/23 12:00,417.514,426,0,0,0
2015/12/23 13:00,275.001,426,0,0,0
2015/12/23 14:00,395.521,426,0,0,0
2015/12/23 15:00,504.941,426,0,0,0
2015/12/23 16:00,449.974,427,0,0,0
2015/12/23 17:00,679.172,426,0,0,0
2015/12/23 18:00,626.872,535,0,0,0
2015/12/23 19:00,429.258,540,0,0,0
2015/12/23 20:00,489.703,546,1,0,1
2015/12/23 21:00,485.722,546,0,0,0
2015/12/23 22:00,581.394,555,0,0,0
2015/12/23 23:00,657.9,561,0,0,0
2015/12/24 0:00,770.135,283,0,0,0
2015/12/24 1:00,798.431,216,0,0,0
2015/12/24 2:00,811.935,216,0,0,0
2015/12/24 3:00,706.3,214,0,0,0
2015/12/24 4:00,687.799,211,0,0,0
2015/12/24 5:00,640.733,212,0,0,0
2015/12/24 6:00,541.522,212,0,0,1
2015/12/24 7:00,464.425,211,0,0,1
2015/12/24 8:00,399.59,211,0,0,1
2015/12/24 9:00,334.781,211,0,0,2
2015/12/24 10:00,260.823,211,0,0,0
2015/12/24 11:00,221.95,211,0,0,0
2015/12/24 12:00,144.474,211,0,0,0
2015/12/24 13:00,291.091,208,0,0,0
2015/12/24 14:00,246.834,207,0,0,0
2015/12/24 15:00,335.699,413,0,0,0
2015/12/24 16:00,360.853,427,0,0,0
2015/12/24 17:00,357.932,428,0,0,0
2015/12/24 18:00,461.275,451,0,0,0
2015/12/24 19:00,401.484,546,0,0,0
2015/12/24 20:00,462.273,545,0,0,0
2015/12/24 21:00,511.255,546,0,0,0
2015/12/24 22:00,537.562,551,0,0,0
2015/12/24 23:00,668.568,552,0,0,0
2015/12/25 0:00,707.532,555,0,0,0
2015/12/25 1:00,750.377,165,0,0,0
2015/12/25 2:00,798.658,165,0,0,0
2015/12/25 3:00,725.614,165,0,0,0
2015/12/25 4:00,748.126,166,0,0,0
2015/12/25 5:00,723.724,166,0,0,0
2015/12/25 6:00,658.888,162,0,0,0
2015/12/25 7:00,464.419,158,0,0,0
2015/12/25 8:00,196.791,158,0,0,0
2015/12/25 9:00,180.622,159,0,0,0
2015/12/25 10:00,102.627,342,0,0,0
2015/12/25 11:00,116.873,346,0,0,0
2015/12/25 12:00,113.777,345,0,0,0
2015/12/25 13:00,283.087,345,0,0,0
2015/12/25 14:00,460.678,346,0,0,0
2015/12/25 15:00,516.595,348,0,0,0
2015/12/25 16:00,596.951,348,0,0,0
2015/12/25 17:00,517.874,349,0,0,0
2015/12/25 18:00,585.786,358,0,0,0
2015/12/25 19:00,402.288,517,0,0,0
2015/12/25 20:00,414.34,534,0,0,0
2015/12/25 21:00,498.045,534,0,0,0
2015/12/25 22:00,514.435,534,0,0,0
2015/12/25 23:00,514.47,533,0,0,0
2015/12/26 0:00,514.467,539,0,0,0
2015/12/26 1:00,658.304,431,0,0,0
2015/12/26 2:00,801.097,430,0,0,0
2015/12/26 3:00,677.643,344,0,0,0
2015/12/26 4:00,658.934,167,0,0,0
2015/12/26 5:00,658.956,167,0,0,0
2015/12/26 6:00,659,167,0,0,0
2015/12/26 7:00,659,168,0,0,0
2015/12/26 8:00,529.393,168,0,0,0
2015/12/26 9:00,545.151,183,0,0,0
2015/12/26 10:00,267.366,419,0,0,0
2015/12/26 11:00,240.03,427,0,0,0
2015/12/26 12:00,101.632,427,0,0,0
2015/12/26 13:00,239.57,428,0,0,0
2015/12/26 14:00,239.509,428,0,0,0
2015/12/26 15:00,353.377,428,0,0,0
2015/12/26 16:00,631.078,427,0,0,0
2015/12/26 17:00,658.389,427,0,0,0
2015/12/26 18:00,692.572,427,0,0,0
2015/12/26 19:00,528.056,429,0,0,0
2015/12/26 20:00,501.885,432,0,0,0
2015/12/26 21:00,539.491,433,0,0,1
2015/12/26 22:00,501.735,433,0,0,0
2015/12/26 23:00,566.556,434,0,0,0
2015/12/27 0:00,670.748,435,0,0,0
2015/12/27 1:00,697.343,333,0,0,0
2015/12/27 2:00,723.57,331,0,0,0
2015/12/27 3:00,556.356,276,0,0,0
2015/12/27 4:00,529.356,167,0,0,0
2015/12/27 5:00,529.373,167,0,0,0
2015/12/27 6:00,529.371,163,0,0,0
2015/12/27 7:00,529.352,159,0,0,0
2015/12/27 8:00,529.374,159,1,0,1
2015/12/27 9:00,529.353,159,0,0,0
2015/12/27 10:00,464.495,349,0,0,0
2015/12/27 11:00,289.372,350,0,0,0
2015/12/27 12:00,76.341,351,0,0,0
2015/12/27 13:00,159.333,351,0,0,0
2015/12/27 14:00,159.333,351,0,0,0
2015/12/27 15:00,224.145,350,0,0,0
2015/12/27 16:00,418.595,348,0,0,0
2015/12/27 17:00,539.202,385,0,0,0
2015/12/27 18:00,634.338,426,0,0,0
2015/12/27 19:00,400.942,426,0,0,0
2015/12/27 20:00,445.994,427,0,0,0
2015/12/27 21:00,361.084,426,0,0,0
2015/12/27 22:00,337.55,426,0,0,0
2015/12/27 23:00,472.229,426,0,0,0
2015/12/28 0:00,525.305,424,0,0,0
2015/12/28 1:00,675.683,309,0,0,0
2015/12/28 2:00,630.626,251,0,0,0
2015/12/28 3:00,650.762,165,0,0,0
2015/12/28 4:00,544.661,164,0,0,0
2015/12/28 5:00,464.495,163,0,0,0
2015/12/28 6:00,464.496,160,0,0,0
2015/12/28 7:00,464.519,306,0,0,0
2015/12/28 8:00,415.066,351,0,0,0
2015/12/28 9:00,319.626,419,0,0,0
2015/12/28 10:00,246.929,418,0,0,0
2015/12/28 11:00,113.351,418,0,0,0
2015/12/28 12:00,131.8,420,0,0,0
2015/12/28 13:00,249.942,421,0,0,0
2015/12/28 14:00,372.755,424,0,0,0
2015/12/28 15:00,599.477,423,0,0,0
2015/12/28 16:00,652.224,425,0,0,0
2015/12/28 17:00,678.346,428,0,0,0
2015/12/28 18:00,626.646,428,0,0,0
2015/12/28 19:00,438.136,353,0,0,0
2015/12/28 20:00,424.411,353,0,0,0
2015/12/28 21:00,328.262,352,0,0,0
2015/12/28 22:00,543.311,352,0,0,0
2015/12/28 23:00,665.868,353,0,0,0
2015/12/29 0:00,699.116,351,0,0,0
2015/12/29 1:00,704.666,324,0,0,0
2015/12/29 2:00,580.194,280,0,0,0
2015/12/29 3:00,545.06,208,0,0,0
2015/12/29 4:00,349.976,211,0,0,0
2015/12/29 5:00,334.853,211,0,0,0
2015/12/29 6:00,334.876,211,0,0,0
2015/12/29 7:00,464.507,207,0,0,0
2015/12/29 8:00,464.508,206,0,0,0
2015/12/29 9:00,438.145,404,0,0,0
2015/12/29 10:00,293.495,426,0,0,0
2015/12/29 11:00,272.261,430,0,0,0
2015/12/29 12:00,259.393,250,0,0,0
2015/12/29 13:00,169.644,160,0,0,0
2015/12/29 14:00,274.318,161,0,0,0
2015/12/29 15:00,405.313,162,0,0,0
2015/12/29 16:00,589.854,161,0,0,0
2015/12/29 17:00,531.141,162,0,0,0
2015/12/29 18:00,469.67,162,0,0,0
2015/12/29 19:00,357.825,402,0,0,0
2015/12/29 20:00,251.754,431,0,0,0
2015/12/29 21:00,143.488,431,0,0,0
2015/12/29 22:00,85.871,434,0,0,0
2015/12/29 23:00,192.796,433,0,0,0
2015/12/30 0:00,331.868,435,0,0,0
2015/12/30 1:00,598.235,210,0,0,0
2015/12/30 2:00,729.237,208,0,0,0
2015/12/30 3:00,667.971,208,0,0,0
2015/12/30 4:00,685.672,207,0,0,0
2015/12/30 5:00,529.042,207,0,0,0
2015/12/30 6:00,464.265,208,0,0,0
2015/12/30 7:00,334.633,208,0,0,0
2015/12/30 8:00,269.799,207,0,0,0
2015/12/30 9:00,269.784,208,0,0,0
2015/12/30 10:00,269.744,208,0,0,0
2015/12/30 11:00,291.866,205,0,0,0
2015/12/30 12:00,250.291,232,0,0,0
2015/12/30 13:00,194.779,319,0,0,0
2015/12/30 14:00,259.62,322,0,0,0
2015/12/30 15:00,324.498,322,0,0,0
2015/12/30 16:00,259.746,322,0,0,0
2015/12/30 17:00,302.444,305,0,0,0
2015/12/30 18:00,408.839,303,0,0,0
2015/12/30 19:00,423.227,301,0,0,0
2015/12/30 20:00,332.477,324,0,0,0
2015/12/30 21:00,311.122,324,0,0,0
2015/12/30 22:00,403.821,324,0,0,0
2015/12/30 23:00,468.651,323,0,0,0
2015/12/31 0:00,403.848,323,0,0,0
2015/12/31 1:00,445.012,186,0,0,0
2015/12/31 2:00,470.959,184,0,0,0
2015/12/31 3:00,492.307,178,0,0,0
2015/12/31 4:00,464.42,107,0,0,0
2015/12/31 5:00,334.789,0,0,0,0
2015/12/31 6:00,334.812,0,0,0,0
2015/12/31 7:00,334.813,82,0,0,0
2015/12/31 8:00,270.001,186,0,0,0
2015/12/31 9:00,140.357,186,0,0,0
2015/12/31 10:00,75.527,404,0,0,0
2015/12/31 11:00,75.513,428,0,0,0
2015/12/31 12:00,75.497,429,0,0,0
2015/12/31 13:00,140.332,430,0,0,0
2015/12/31 14:00,205.143,393,0,0,0
2015/12/31 15:00,399.599,376,0,0,0
2015/12/31 16:00,529.239,377,0,0,0
2015/12/31 17:00,594.049,379,0,0,0
2015/12/31 18:00,658.854,379,0,0,0
2015/12/31 19:00,529.206,406,0,0,0
2015/12/31 20:00,594.004,431,0,0,0
2015/12/31 21:00,529.195,436,0,0,0
2015/12/31 22:00,464.381,436,0,0,0
2015/12/31 23:00,464.399,434,0,0,0
2016/1/1 0:00,399.607,431,0,0,0
2016/1/1 1:00,529.254,326,0,0,0
2016/1/1 2:00,464.457,329,0,0,0
2016/1/1 3:00,529.269,325,0,0,0
2016/1/1 4:00,529.27,327,0,0,0
2016/1/1 5:00,529.271,331,0,0,0
2016/1/1 6:00,529.272,332,0,0,0
2016/1/1 7:00,464.438,282,0,0,0
